2026-08-21 00:46:12,711 - INFO - ================================================================================
2026-08-21 00:46:12,711 - INFO - Starting Data Generation - Phase 1: Historical Backfill
2026-08-21 00:46:12,711 - INFO - ================================================================================
2026-08-21 00:46:12,712 - INFO - Period: 2023-01-01 to 2026-08-21
2026-08-21 00:46:12,712 - INFO - 
2026-08-21 00:46:12,748 - INFO - Connected to PostgreSQL
2026-08-21 00:46:12,748 - INFO - Generating dim_date table...
2026-08-21 00:46:12,756 - ERROR - Error inserting date record: relation "dim_date" does not exist
LINE 2:                     INSERT INTO dim_date
                                        ^

2026-08-21 00:46:12,757 - ERROR - Error inserting date record: relation "dim_date" does not exist
LINE 2:                     INSERT INTO dim_date
                                        ^

2026-08-21 00:46:12,757 - ERROR - Error inserting date record: relation "dim_date" does not exist
LINE 2:                     INSERT INTO dim_date
                                        ^

2026-08-21 00:46:12,758 - ERROR - Error inserting date record: relation "dim_date" does not exist
LINE 2:                     INSERT INTO dim_date
                                        ^

2026-08-21 00:46:12,758 - ERROR - Error inserting date record: relation "dim_date" does not exist
LINE 2:                     INSERT INTO dim_date
                                        ^

2026-08-21 00:46:12,758 - ERROR - Error inserting date record: relation "dim_date" does not exist
LINE 2:                     INSERT INTO dim_date
                                        ^

2026-08-21 00:46:12,759 - ERROR - Error inserting date record: relation "dim_date" does not exist
LINE 2:                     INSERT INTO dim_date
                                        ^

2026-08-21 00:46:12,759 - ERROR - Error inserting date record: relation "dim_date" does not exist
LINE 2:                     INSERT INTO dim_date
                                        ^

2026-08-21 00:46:12,760 - ERROR - Error inserting date record: relation "dim_date" does not exist
LINE 2:                     INSERT INTO dim_date
                                        ^

2026-08-21 00:46:12,760 - ERROR - Error inserting date record: relation "dim_date" does not exist
LINE 2:                     INSERT INTO dim_date
                                        ^

2026-08-21 00:46:12,761 - ERROR - Error inserting date record: relation "dim_date" does not exist
LINE 2:                     INSERT INTO dim_date
                                        ^

2026-08-21 00:46:12,761 - ERROR - Error inserting date record: relation "dim_date" does not exist
LINE 2:                     INSERT INTO dim_date
                                        ^

2026-08-21 00:46:12,761 - ERROR - Error inserting date record: relation "dim_date" does not exist
LINE 2:                     INSERT INTO dim_date
                                        ^

2026-08-21 00:46:12,762 - ERROR - Error inserting date record: relation "dim_date" does not exist
LINE 2:                     INSERT INTO dim_date
                                        ^

2026-08-21 00:46:12,762 - ERROR - Error inserting date record: relation "dim_date" does not exist
LINE 2:                     INSERT INTO dim_date
                                        ^

2026-08-21 00:46:12,763 - ERROR - Error inserting date record: relation "dim_date" does not exist
LINE 2:                     INSERT INTO dim_date
                                        ^

2026-08-21 00:46:12,763 - ERROR - Error inserting date record: relation "dim_date" does not exist
LINE 2:                     INSERT INTO dim_date
                                        ^

2026-08-21 00:46:12,764 - ERROR - Error inserting date record: relation "dim_date" does not exist
LINE 2:                     INSERT INTO dim_date
                                        ^

2026-08-21 00:46:12,764 - ERROR - Error inserting date record: relation "dim_date" does not exist
LINE 2:                     INSERT INTO dim_date
                                        ^

2026-08-21 00:46:12,764 - ERROR - Error inserting date record: relation "dim_date" does not exist
LINE 2:                     INSERT INTO dim_date
                                        ^

2026-08-21 00:46:12,765 - ERROR - Error inserting date record: relation "dim_date" does not exist
LINE 2:                     INSERT INTO dim_date
                                        ^

2026-08-21 00:46:12,765 - ERROR - Error inserting date record: relation "dim_date" does not exist
LINE 2:                     INSERT INTO dim_date
                                        ^

2026-08-21 00:46:12,766 - ERROR - Error inserting date record: relation "dim_date" does not exist
LINE 2:                     INSERT INTO dim_date
                                        ^

2026-08-21 00:46:12,766 - ERROR - Error inserting date record: relation "dim_date" does not exist
LINE 2:                     INSERT INTO dim_date
                                        ^

2026-08-21 00:46:12,766 - ERROR - Error inserting date record: relation "dim_date" does not exist
LINE 2:                     INSERT INTO dim_date
                                        ^

2026-08-21 00:46:12,767 - ERROR - Error inserting date record: relation "dim_date" does not exist
LINE 2:                     INSERT INTO dim_date
                                        ^

2026-08-21 00:46:12,767 - ERROR - Error inserting date record: relation "dim_date" does not exist
LINE 2:                     INSERT INTO dim_date
                                        ^

2026-08-21 00:46:12,768 - ERROR - Error inserting date record: relation "dim_date" does not exist
LINE 2:                     INSERT INTO dim_date
                                        ^

2026-08-21 00:46:12,768 - ERROR - Error inserting date record: relation "dim_date" does not exist
LINE 2:                     INSERT INTO dim_date
                                        ^

2026-08-21 00:46:12,769 - ERROR - Error inserting date record: relation "dim_date" does not exist
LINE 2:                     INSERT INTO dim_date
                                        ^

2026-08-21 00:46:12,769 - ERROR - Error inserting date record: relation "dim_date" does not exist
LINE 2:                     INSERT INTO dim_date
                                        ^

2026-08-21 00:46:12,770 - ERROR - Error inserting date record: relation "dim_date" does not exist
LINE 2:                     INSERT INTO dim_date
                                        ^

2026-08-21 00:46:12,770 - ERROR - Error inserting date record: relation "dim_date" does not exist
LINE 2:                     INSERT INTO dim_date
                                        ^

2026-08-21 00:46:12,770 - ERROR - Error inserting date record: relation "dim_date" does not exist
LINE 2:                     INSERT INTO dim_date
                                        ^

2026-08-21 00:46:12,771 - ERROR - Error inserting date record: relation "dim_date" does not exist
LINE 2:                     INSERT INTO dim_date
                                        ^

2026-08-21 00:46:12,771 - ERROR - Error inserting date record: relation "dim_date" does not exist
LINE 2:                     INSERT INTO dim_date
                                        ^

2026-08-21 00:46:12,772 - ERROR - Error inserting date record: relation "dim_date" does not exist
LINE 2:                     INSERT INTO dim_date
                                        ^

2026-08-21 00:46:12,772 - ERROR - Error inserting date record: relation "dim_date" does not exist
LINE 2:                     INSERT INTO dim_date
                                        ^

2026-08-21 00:46:12,772 - ERROR - Error inserting date record: relation "dim_date" does not exist
LINE 2:                     INSERT INTO dim_date
                                        ^

2026-08-21 00:46:12,776 - ERROR - Error inserting date record: relation "dim_date" does not exist
LINE 2:                     INSERT INTO dim_date
                                        ^

2026-08-21 00:46:12,776 - ERROR - Error inserting date record: relation "dim_date" does not exist
LINE 2:                     INSERT INTO dim_date
                                        ^

2026-08-21 00:46:12,777 - ERROR - Error inserting date record: relation "dim_date" does not exist
LINE 2:                     INSERT INTO dim_date
                                        ^

2026-08-21 00:46:12,777 - ERROR - Error inserting date record: relation "dim_date" does not exist
LINE 2:                     INSERT INTO dim_date
                                        ^

2026-08-21 00:46:12,778 - ERROR - Error inserting date record: relation "dim_date" does not exist
LINE 2:                     INSERT INTO dim_date
                                        ^

2026-08-21 00:46:12,778 - ERROR - Error inserting date record: relation "dim_date" does not exist
LINE 2:                     INSERT INTO dim_date
                                        ^

2026-08-21 00:46:12,778 - ERROR - Error inserting date record: relation "dim_date" does not exist
LINE 2:                     INSERT INTO dim_date
                                        ^

2026-08-21 00:46:12,779 - ERROR - Error inserting date record: relation "dim_date" does not exist
LINE 2:                     INSERT INTO dim_date
                                        ^

2026-08-21 00:46:12,779 - ERROR - Error inserting date record: relation "dim_date" does not exist
LINE 2:                     INSERT INTO dim_date
                                        ^

2026-08-21 00:46:12,780 - ERROR - Error inserting date record: relation "dim_date" does not exist
LINE 2:                     INSERT INTO dim_date
                                        ^

2026-08-21 00:46:12,780 - ERROR - Error inserting date record: relation "dim_date" does not exist
LINE 2:                     INSERT INTO dim_date
                                        ^

2026-08-21 00:46:12,780 - ERROR - Error inserting date record: relation "dim_date" does not exist
LINE 2:                     INSERT INTO dim_date
                                        ^

2026-08-21 00:46:12,781 - ERROR - Error inserting date record: relation "dim_date" does not exist
LINE 2:                     INSERT INTO dim_date
                                        ^

2026-08-21 00:46:12,781 - ERROR - Error inserting date record: relation "dim_date" does not exist
LINE 2:                     INSERT INTO dim_date
                                        ^

2026-08-21 00:46:12,782 - ERROR - Error inserting date record: relation "dim_date" does not exist
LINE 2:                     INSERT INTO dim_date
                                        ^

2026-08-21 00:46:12,782 - ERROR - Error inserting date record: relation "dim_date" does not exist
LINE 2:                     INSERT INTO dim_date
                                        ^

2026-08-21 00:46:12,783 - ERROR - Error inserting date record: relation "dim_date" does not exist
LINE 2:                     INSERT INTO dim_date
                                        ^

2026-08-21 00:46:12,783 - ERROR - Error inserting date record: relation "dim_date" does not exist
LINE 2:                     INSERT INTO dim_date
                                        ^

2026-08-21 00:46:12,784 - ERROR - Error inserting date record: relation "dim_date" does not exist
LINE 2:                     INSERT INTO dim_date
                                        ^

2026-08-21 00:46:12,784 - ERROR - Error inserting date record: relation "dim_date" does not exist
LINE 2:                     INSERT INTO dim_date
                                        ^

2026-08-21 00:46:12,784 - ERROR - Error inserting date record: relation "dim_date" does not exist
LINE 2:                     INSERT INTO dim_date
                                        ^

2026-08-21 00:46:12,785 - ERROR - Error inserting date record: relation "dim_date" does not exist
LINE 2:                     INSERT INTO dim_date
                                        ^

2026-08-21 00:46:12,785 - ERROR - Error inserting date record: relation "dim_date" does not exist
LINE 2:                     INSERT INTO dim_date
                                        ^

2026-08-21 00:46:12,786 - ERROR - Error inserting date record: relation "dim_date" does not exist
LINE 2:                     INSERT INTO dim_date
                                        ^

2026-08-21 00:46:12,786 - ERROR - Error inserting date record: relation "dim_date" does not exist
LINE 2:                     INSERT INTO dim_date
                                        ^

2026-08-21 00:46:12,787 - ERROR - Error inserting date record: relation "dim_date" does not exist
LINE 2:                     INSERT INTO dim_date
                                        ^

2026-08-21 00:46:12,787 - ERROR - Error inserting date record: relation "dim_date" does not exist
LINE 2:                     INSERT INTO dim_date
                                        ^

2026-08-21 00:46:12,787 - ERROR - Error inserting date record: relation "dim_date" does not exist
LINE 2:                     INSERT INTO dim_date
                                        ^

2026-08-21 00:46:12,788 - ERROR - Error inserting date record: relation "dim_date" does not exist
LINE 2:                     INSERT INTO dim_date
                                        ^

2026-08-21 00:46:12,788 - ERROR - Error inserting date record: relation "dim_date" does not exist
LINE 2:                     INSERT INTO dim_date
                                        ^

2026-08-21 00:46:12,789 - ERROR - Error inserting date record: relation "dim_date" does not exist
LINE 2:                     INSERT INTO dim_date
                                        ^

2026-08-21 00:46:12,792 - ERROR - Error inserting date record: relation "dim_date" does not exist
LINE 2:                     INSERT INTO dim_date
                                        ^

2026-08-21 00:46:12,792 - ERROR - Error inserting date record: relation "dim_date" does not exist
LINE 2:                     INSERT INTO dim_date
                                        ^

2026-08-21 00:46:12,793 - ERROR - Error inserting date record: relation "dim_date" does not exist
LINE 2:                     INSERT INTO dim_date
                                        ^

2026-08-21 00:46:12,793 - ERROR - Error inserting date record: relation "dim_date" does not exist
LINE 2:                     INSERT INTO dim_date
                                        ^

2026-08-21 00:46:12,794 - ERROR - Error inserting date record: relation "dim_date" does not exist
LINE 2:                     INSERT INTO dim_date
                                        ^

2026-08-21 00:46:12,794 - ERROR - Error inserting date record: relation "dim_date" does not exist
LINE 2:                     INSERT INTO dim_date
                                        ^

2026-08-21 00:46:12,795 - ERROR - Error inserting date record: relation "dim_date" does not exist
LINE 2:                     INSERT INTO dim_date
                                        ^

2026-08-21 00:46:12,795 - ERROR - Error inserting date record: relation "dim_date" does not exist
LINE 2:                     INSERT INTO dim_date
                                        ^

2026-08-21 00:46:12,795 - ERROR - Error inserting date record: relation "dim_date" does not exist
LINE 2:                     INSERT INTO dim_date
                                        ^

2026-08-21 00:46:12,796 - ERROR - Error inserting date record: relation "dim_date" does not exist
LINE 2:                     INSERT INTO dim_date
                                        ^

2026-08-21 00:46:12,796 - ERROR - Error inserting date record: relation "dim_date" does not exist
LINE 2:                     INSERT INTO dim_date
                                        ^

2026-08-21 00:46:12,797 - ERROR - Error inserting date record: relation "dim_date" does not exist
LINE 2:                     INSERT INTO dim_date
                                        ^

2026-08-21 00:46:12,797 - ERROR - Error inserting date record: relation "dim_date" does not exist
LINE 2:                     INSERT INTO dim_date
                                        ^

2026-08-21 00:46:12,798 - ERROR - Error inserting date record: relation "dim_date" does not exist
LINE 2:                     INSERT INTO dim_date
                                        ^

2026-08-21 00:46:12,798 - ERROR - Error inserting date record: relation "dim_date" does not exist
LINE 2:                     INSERT INTO dim_date
                                        ^

2026-08-21 00:46:12,799 - ERROR - Error inserting date record: relation "dim_date" does not exist
LINE 2:                     INSERT INTO dim_date
                                        ^

2026-08-21 00:46:12,799 - ERROR - Error inserting date record: relation "dim_date" does not exist
LINE 2:                     INSERT INTO dim_date
                                        ^

2026-08-21 00:46:12,800 - ERROR - Error inserting date record: relation "dim_date" does not exist
LINE 2:                     INSERT INTO dim_date
                                        ^

2026-08-21 00:46:12,800 - ERROR - Error inserting date record: relation "dim_date" does not exist
LINE 2:                     INSERT INTO dim_date
                                        ^

2026-08-21 00:46:12,800 - ERROR - Error inserting date record: relation "dim_date" does not exist
LINE 2:                     INSERT INTO dim_date
                                        ^

2026-08-21 00:46:12,801 - ERROR - Error inserting date record: relation "dim_date" does not exist
LINE 2:                     INSERT INTO dim_date
                                        ^

2026-08-21 00:46:12,801 - ERROR - Error inserting date record: relation "dim_date" does not exist
LINE 2:                     INSERT INTO dim_date
                                        ^

2026-08-21 00:46:12,802 - ERROR - Error inserting date record: relation "dim_date" does not exist
LINE 2:                     INSERT INTO dim_date
                                        ^

2026-08-21 00:46:12,802 - ERROR - Error inserting date record: relation "dim_date" does not exist
LINE 2:                     INSERT INTO dim_date
                                        ^

2026-08-21 00:46:12,803 - ERROR - Error inserting date record: relation "dim_date" does not exist
LINE 2:                     INSERT INTO dim_date
                                        ^

2026-08-21 00:46:12,803 - ERROR - Error inserting date record: relation "dim_date" does not exist
LINE 2:                     INSERT INTO dim_date
                                        ^

2026-08-21 00:46:12,803 - ERROR - Error inserting date record: relation "dim_date" does not exist
LINE 2:                     INSERT INTO dim_date
                                        ^

2026-08-21 00:46:12,804 - ERROR - Error inserting date record: relation "dim_date" does not exist
LINE 2:                     INSERT INTO dim_date
                                        ^

2026-08-21 00:46:12,804 - ERROR - Error inserting date record: relation "dim_date" does not exist
LINE 2:                     INSERT INTO dim_date
                                        ^

2026-08-21 00:46:12,805 - ERROR - Error inserting date record: relation "dim_date" does not exist
LINE 2:                     INSERT INTO dim_date
                                        ^

2026-08-21 00:46:12,807 - ERROR - Error inserting date record: relation "dim_date" does not exist
LINE 2:                     INSERT INTO dim_date
                                        ^

2026-08-21 00:46:12,808 - ERROR - Error inserting date record: relation "dim_date" does not exist
LINE 2:                     INSERT INTO dim_date
                                        ^

2026-08-21 00:46:12,808 - ERROR - Error inserting date record: relation "dim_date" does not exist
LINE 2:                     INSERT INTO dim_date
                                        ^

2026-08-21 00:46:12,809 - ERROR - Error inserting date record: relation "dim_date" does not exist
LINE 2:                     INSERT INTO dim_date
                                        ^

2026-08-21 00:46:12,809 - ERROR - Error inserting date record: relation "dim_date" does not exist
LINE 2:                     INSERT INTO dim_date
                                        ^

2026-08-21 00:46:12,810 - ERROR - Error inserting date record: relation "dim_date" does not exist
LINE 2:                     INSERT INTO dim_date
                                        ^

2026-08-21 00:46:12,810 - ERROR - Error inserting date record: relation "dim_date" does not exist
LINE 2:                     INSERT INTO dim_date
                                        ^

2026-08-21 00:46:12,810 - ERROR - Error inserting date record: relation "dim_date" does not exist
LINE 2:                     INSERT INTO dim_date
                                        ^

2026-08-21 00:46:12,811 - ERROR - Error inserting date record: relation "dim_date" does not exist
LINE 2:                     INSERT INTO dim_date
                                        ^

2026-08-21 00:46:12,811 - ERROR - Error inserting date record: relation "dim_date" does not exist
LINE 2:                     INSERT INTO dim_date
                                        ^

2026-08-21 00:46:12,812 - ERROR - Error inserting date record: relation "dim_date" does not exist
LINE 2:                     INSERT INTO dim_date
                                        ^

2026-08-21 00:46:12,812 - ERROR - Error inserting date record: relation "dim_date" does not exist
LINE 2:                     INSERT INTO dim_date
                                        ^

2026-08-21 00:46:12,812 - ERROR - Error inserting date record: relation "dim_date" does not exist
LINE 2:                     INSERT INTO dim_date
                                        ^

2026-08-21 00:46:12,813 - ERROR - Error inserting date record: relation "dim_date" does not exist
LINE 2:                     INSERT INTO dim_date
                                        ^

2026-08-21 00:46:12,813 - ERROR - Error inserting date record: relation "dim_date" does not exist
LINE 2:                     INSERT INTO dim_date
                                        ^

2026-08-21 00:46:12,814 - ERROR - Error inserting date record: relation "dim_date" does not exist
LINE 2:                     INSERT INTO dim_date
                                        ^

2026-08-21 00:46:12,814 - ERROR - Error inserting date record: relation "dim_date" does not exist
LINE 2:                     INSERT INTO dim_date
                                        ^

2026-08-21 00:46:12,815 - ERROR - Error inserting date record: relation "dim_date" does not exist
LINE 2:                     INSERT INTO dim_date
                                        ^

2026-08-21 00:46:12,815 - ERROR - Error inserting date record: relation "dim_date" does not exist
LINE 2:                     INSERT INTO dim_date
                                        ^

2026-08-21 00:46:12,815 - ERROR - Error inserting date record: relation "dim_date" does not exist
LINE 2:                     INSERT INTO dim_date
                                        ^

2026-08-21 00:46:12,816 - ERROR - Error inserting date record: relation "dim_date" does not exist
LINE 2:                     INSERT INTO dim_date
                                        ^

2026-08-21 00:46:12,816 - ERROR - Error inserting date record: relation "dim_date" does not exist
LINE 2:                     INSERT INTO dim_date
                                        ^

2026-08-21 00:46:12,817 - ERROR - Error inserting date record: relation "dim_date" does not exist
LINE 2:                     INSERT INTO dim_date
                                        ^

2026-08-21 00:46:12,817 - ERROR - Error inserting date record: relation "dim_date" does not exist
LINE 2:                     INSERT INTO dim_date
                                        ^

2026-08-21 00:46:12,818 - ERROR - Error inserting date record: relation "dim_date" does not exist
LINE 2:                     INSERT INTO dim_date
                                        ^

2026-08-21 00:46:12,818 - ERROR - Error inserting date record: relation "dim_date" does not exist
LINE 2:                     INSERT INTO dim_date
                                        ^

2026-08-21 00:46:12,818 - ERROR - Error inserting date record: relation "dim_date" does not exist
LINE 2:                     INSERT INTO dim_date
                                        ^

2026-08-21 00:46:12,819 - ERROR - Error inserting date record: relation "dim_date" does not exist
LINE 2:                     INSERT INTO dim_date
                                        ^

2026-08-21 00:46:12,819 - ERROR - Error inserting date record: relation "dim_date" does not exist
LINE 2:                     INSERT INTO dim_date
                                        ^

2026-08-21 00:46:12,820 - ERROR - Error inserting date record: relation "dim_date" does not exist
LINE 2:                     INSERT INTO dim_date
                                        ^

2026-08-21 00:46:12,820 - ERROR - Error inserting date record: relation "dim_date" does not exist
LINE 2:                     INSERT INTO dim_date
                                        ^

2026-08-21 00:46:12,821 - ERROR - Error inserting date record: relation "dim_date" does not exist
LINE 2:                     INSERT INTO dim_date
                                        ^

2026-08-21 00:46:12,823 - ERROR - Error inserting date record: relation "dim_date" does not exist
LINE 2:                     INSERT INTO dim_date
                                        ^

2026-08-21 00:46:12,823 - ERROR - Error inserting date record: relation "dim_date" does not exist
LINE 2:                     INSERT INTO dim_date
                                        ^

2026-08-21 00:46:12,824 - ERROR - Error inserting date record: relation "dim_date" does not exist
LINE 2:                     INSERT INTO dim_date
                                        ^

2026-08-21 00:46:12,824 - ERROR - Error inserting date record: relation "dim_date" does not exist
LINE 2:                     INSERT INTO dim_date
                                        ^

2026-08-21 00:46:12,825 - ERROR - Error inserting date record: relation "dim_date" does not exist
LINE 2:                     INSERT INTO dim_date
                                        ^

2026-08-21 00:46:12,825 - ERROR - Error inserting date record: relation "dim_date" does not exist
LINE 2:                     INSERT INTO dim_date
                                        ^

2026-08-21 00:46:12,826 - ERROR - Error inserting date record: relation "dim_date" does not exist
LINE 2:                     INSERT INTO dim_date
                                        ^

2026-08-21 00:46:12,826 - ERROR - Error inserting date record: relation "dim_date" does not exist
LINE 2:                     INSERT INTO dim_date
                                        ^

2026-08-21 00:46:12,826 - ERROR - Error inserting date record: relation "dim_date" does not exist
LINE 2:                     INSERT INTO dim_date
                                        ^

2026-08-21 00:46:12,827 - ERROR - Error inserting date record: relation "dim_date" does not exist
LINE 2:                     INSERT INTO dim_date
                                        ^

2026-08-21 00:46:12,827 - ERROR - Error inserting date record: relation "dim_date" does not exist
LINE 2:                     INSERT INTO dim_date
                                        ^

2026-08-21 00:46:12,828 - ERROR - Error inserting date record: relation "dim_date" does not exist
LINE 2:                     INSERT INTO dim_date
                                        ^

2026-08-21 00:46:12,828 - ERROR - Error inserting date record: relation "dim_date" does not exist
LINE 2:                     INSERT INTO dim_date
                                        ^

2026-08-21 00:46:12,828 - ERROR - Error inserting date record: relation "dim_date" does not exist
LINE 2:                     INSERT INTO dim_date
                                        ^

2026-08-21 00:46:12,829 - ERROR - Error inserting date record: relation "dim_date" does not exist
LINE 2:                     INSERT INTO dim_date
                                        ^

2026-08-21 00:46:12,829 - ERROR - Error inserting date record: relation "dim_date" does not exist
LINE 2:                     INSERT INTO dim_date
                                        ^

2026-08-21 00:46:12,830 - ERROR - Error inserting date record: relation "dim_date" does not exist
LINE 2:                     INSERT INTO dim_date
                                        ^

2026-08-21 00:46:12,830 - ERROR - Error inserting date record: relation "dim_date" does not exist
LINE 2:                     INSERT INTO dim_date
                                        ^

2026-08-21 00:46:12,831 - ERROR - Error inserting date record: relation "dim_date" does not exist
LINE 2:                     INSERT INTO dim_date
                                        ^

2026-08-21 00:46:12,831 - ERROR - Error inserting date record: relation "dim_date" does not exist
LINE 2:                     INSERT INTO dim_date
                                        ^

2026-08-21 00:46:12,831 - ERROR - Error inserting date record: relation "dim_date" does not exist
LINE 2:                     INSERT INTO dim_date
                                        ^

2026-08-21 00:46:12,832 - ERROR - Error inserting date record: relation "dim_date" does not exist
LINE 2:                     INSERT INTO dim_date
                                        ^

2026-08-21 00:46:12,832 - ERROR - Error inserting date record: relation "dim_date" does not exist
LINE 2:                     INSERT INTO dim_date
                                        ^

2026-08-21 00:46:12,833 - ERROR - Error inserting date record: relation "dim_date" does not exist
LINE 2:                     INSERT INTO dim_date
                                        ^

2026-08-21 00:46:12,833 - ERROR - Error inserting date record: relation "dim_date" does not exist
LINE 2:                     INSERT INTO dim_date
                                        ^

2026-08-21 00:46:12,834 - ERROR - Error inserting date record: relation "dim_date" does not exist
LINE 2:                     INSERT INTO dim_date
                                        ^

2026-08-21 00:46:12,834 - ERROR - Error inserting date record: relation "dim_date" does not exist
LINE 2:                     INSERT INTO dim_date
                                        ^

2026-08-21 00:46:12,834 - ERROR - Error inserting date record: relation "dim_date" does not exist
LINE 2:                     INSERT INTO dim_date
                                        ^

2026-08-21 00:46:12,835 - ERROR - Error inserting date record: relation "dim_date" does not exist
LINE 2:                     INSERT INTO dim_date
                                        ^

2026-08-21 00:46:12,835 - ERROR - Error inserting date record: relation "dim_date" does not exist
LINE 2:                     INSERT INTO dim_date
                                        ^

2026-08-21 00:46:12,836 - ERROR - Error inserting date record: relation "dim_date" does not exist
LINE 2:                     INSERT INTO dim_date
                                        ^

2026-08-21 00:46:12,838 - ERROR - Error inserting date record: relation "dim_date" does not exist
LINE 2:                     INSERT INTO dim_date
                                        ^

2026-08-21 00:46:12,838 - ERROR - Error inserting date record: relation "dim_date" does not exist
LINE 2:                     INSERT INTO dim_date
                                        ^

2026-08-21 00:46:12,839 - ERROR - Error inserting date record: relation "dim_date" does not exist
LINE 2:                     INSERT INTO dim_date
                                        ^

2026-08-21 00:46:12,839 - ERROR - Error inserting date record: relation "dim_date" does not exist
LINE 2:                     INSERT INTO dim_date
                                        ^

2026-08-21 00:46:12,859 - ERROR - Error inserting date record: relation "dim_date" does not exist
LINE 2:                     INSERT INTO dim_date
                                        ^

2026-08-21 00:46:12,860 - ERROR - Error inserting date record: relation "dim_date" does not exist
LINE 2:                     INSERT INTO dim_date
                                        ^

2026-08-21 00:46:12,860 - ERROR - Error inserting date record: relation "dim_date" does not exist
LINE 2:                     INSERT INTO dim_date
                                        ^

2026-08-21 00:46:12,860 - ERROR - Error inserting date record: relation "dim_date" does not exist
LINE 2:                     INSERT INTO dim_date
                                        ^

2026-08-21 00:46:12,861 - ERROR - Error inserting date record: relation "dim_date" does not exist
LINE 2:                     INSERT INTO dim_date
                                        ^

2026-08-21 00:46:12,861 - ERROR - Error inserting date record: relation "dim_date" does not exist
LINE 2:                     INSERT INTO dim_date
                                        ^

2026-08-21 00:46:12,862 - ERROR - Error inserting date record: relation "dim_date" does not exist
LINE 2:                     INSERT INTO dim_date
                                        ^

2026-08-21 00:46:12,862 - ERROR - Error inserting date record: relation "dim_date" does not exist
LINE 2:                     INSERT INTO dim_date
                                        ^

2026-08-21 00:46:12,862 - ERROR - Error inserting date record: relation "dim_date" does not exist
LINE 2:                     INSERT INTO dim_date
                                        ^

2026-08-21 00:46:12,863 - ERROR - Error inserting date record: relation "dim_date" does not exist
LINE 2:                     INSERT INTO dim_date
                                        ^

2026-08-21 00:46:12,863 - ERROR - Error inserting date record: relation "dim_date" does not exist
LINE 2:                     INSERT INTO dim_date
                                        ^

2026-08-21 00:46:12,864 - ERROR - Error inserting date record: relation "dim_date" does not exist
LINE 2:                     INSERT INTO dim_date
                                        ^

2026-08-21 00:46:12,864 - ERROR - Error inserting date record: relation "dim_date" does not exist
LINE 2:                     INSERT INTO dim_date
                                        ^

2026-08-21 00:46:12,865 - ERROR - Error inserting date record: relation "dim_date" does not exist
LINE 2:                     INSERT INTO dim_date
                                        ^

2026-08-21 00:46:12,865 - ERROR - Error inserting date record: relation "dim_date" does not exist
LINE 2:                     INSERT INTO dim_date
                                        ^

2026-08-21 00:46:12,865 - ERROR - Error inserting date record: relation "dim_date" does not exist
LINE 2:                     INSERT INTO dim_date
                                        ^

2026-08-21 00:46:12,866 - ERROR - Error inserting date record: relation "dim_date" does not exist
LINE 2:                     INSERT INTO dim_date
                                        ^

2026-08-21 00:46:12,866 - ERROR - Error inserting date record: relation "dim_date" does not exist
LINE 2:                     INSERT INTO dim_date
                                        ^

2026-08-21 00:46:12,867 - ERROR - Error inserting date record: relation "dim_date" does not exist
LINE 2:                     INSERT INTO dim_date
                                        ^

2026-08-21 00:46:12,867 - ERROR - Error inserting date record: relation "dim_date" does not exist
LINE 2:                     INSERT INTO dim_date
                                        ^

2026-08-21 00:46:12,868 - ERROR - Error inserting date record: relation "dim_date" does not exist
LINE 2:                     INSERT INTO dim_date
                                        ^

2026-08-21 00:46:12,870 - ERROR - Error inserting date record: relation "dim_date" does not exist
LINE 2:                     INSERT INTO dim_date
                                        ^

2026-08-21 00:46:12,870 - ERROR - Error inserting date record: relation "dim_date" does not exist
LINE 2:                     INSERT INTO dim_date
                                        ^

2026-08-21 00:46:12,870 - ERROR - Error inserting date record: relation "dim_date" does not exist
LINE 2:                     INSERT INTO dim_date
                                        ^

2026-08-21 00:46:12,871 - ERROR - Error inserting date record: relation "dim_date" does not exist
LINE 2:                     INSERT INTO dim_date
                                        ^

2026-08-21 00:46:12,871 - ERROR - Error inserting date record: relation "dim_date" does not exist
LINE 2:                     INSERT INTO dim_date
                                        ^

2026-08-21 00:46:12,872 - ERROR - Error inserting date record: relation "dim_date" does not exist
LINE 2:                     INSERT INTO dim_date
                                        ^

2026-08-21 00:46:12,872 - ERROR - Error inserting date record: relation "dim_date" does not exist
LINE 2:                     INSERT INTO dim_date
                                        ^

2026-08-21 00:46:12,873 - ERROR - Error inserting date record: relation "dim_date" does not exist
LINE 2:                     INSERT INTO dim_date
                                        ^

2026-08-21 00:46:12,873 - ERROR - Error inserting date record: relation "dim_date" does not exist
LINE 2:                     INSERT INTO dim_date
                                        ^

2026-08-21 00:46:12,873 - ERROR - Error inserting date record: relation "dim_date" does not exist
LINE 2:                     INSERT INTO dim_date
                                        ^

2026-08-21 00:46:12,874 - ERROR - Error inserting date record: relation "dim_date" does not exist
LINE 2:                     INSERT INTO dim_date
                                        ^

2026-08-21 00:46:12,874 - ERROR - Error inserting date record: relation "dim_date" does not exist
LINE 2:                     INSERT INTO dim_date
                                        ^

2026-08-21 00:46:12,875 - ERROR - Error inserting date record: relation "dim_date" does not exist
LINE 2:                     INSERT INTO dim_date
                                        ^

2026-08-21 00:46:12,875 - ERROR - Error inserting date record: relation "dim_date" does not exist
LINE 2:                     INSERT INTO dim_date
                                        ^

2026-08-21 00:46:12,875 - ERROR - Error inserting date record: relation "dim_date" does not exist
LINE 2:                     INSERT INTO dim_date
                                        ^

2026-08-21 00:46:12,876 - ERROR - Error inserting date record: relation "dim_date" does not exist
LINE 2:                     INSERT INTO dim_date
                                        ^

2026-08-21 00:46:12,876 - ERROR - Error inserting date record: relation "dim_date" does not exist
LINE 2:                     INSERT INTO dim_date
                                        ^

2026-08-21 00:46:12,877 - ERROR - Error inserting date record: relation "dim_date" does not exist
LINE 2:                     INSERT INTO dim_date
                                        ^

2026-08-21 00:46:12,877 - ERROR - Error inserting date record: relation "dim_date" does not exist
LINE 2:                     INSERT INTO dim_date
                                        ^

2026-08-21 00:46:12,878 - ERROR - Error inserting date record: relation "dim_date" does not exist
LINE 2:                     INSERT INTO dim_date
                                        ^

2026-08-21 00:46:12,878 - ERROR - Error inserting date record: relation "dim_date" does not exist
LINE 2:                     INSERT INTO dim_date
                                        ^

2026-08-21 00:46:12,878 - ERROR - Error inserting date record: relation "dim_date" does not exist
LINE 2:                     INSERT INTO dim_date
                                        ^

2026-08-21 00:46:12,879 - ERROR - Error inserting date record: relation "dim_date" does not exist
LINE 2:                     INSERT INTO dim_date
                                        ^

2026-08-21 00:46:12,879 - ERROR - Error inserting date record: relation "dim_date" does not exist
LINE 2:                     INSERT INTO dim_date
                                        ^

2026-08-21 00:46:12,880 - ERROR - Error inserting date record: relation "dim_date" does not exist
LINE 2:                     INSERT INTO dim_date
                                        ^

2026-08-21 00:46:12,880 - ERROR - Error inserting date record: relation "dim_date" does not exist
LINE 2:                     INSERT INTO dim_date
                                        ^

2026-08-21 00:46:12,880 - ERROR - Error inserting date record: relation "dim_date" does not exist
LINE 2:                     INSERT INTO dim_date
                                        ^

2026-08-21 00:46:12,881 - ERROR - Error inserting date record: relation "dim_date" does not exist
LINE 2:                     INSERT INTO dim_date
                                        ^

2026-08-21 00:46:12,881 - ERROR - Error inserting date record: relation "dim_date" does not exist
LINE 2:                     INSERT INTO dim_date
                                        ^

2026-08-21 00:46:12,882 - ERROR - Error inserting date record: relation "dim_date" does not exist
LINE 2:                     INSERT INTO dim_date
                                        ^

2026-08-21 00:46:12,882 - ERROR - Error inserting date record: relation "dim_date" does not exist
LINE 2:                     INSERT INTO dim_date
                                        ^

2026-08-21 00:46:12,883 - ERROR - Error inserting date record: relation "dim_date" does not exist
LINE 2:                     INSERT INTO dim_date
                                        ^

2026-08-21 00:46:12,883 - ERROR - Error inserting date record: relation "dim_date" does not exist
LINE 2:                     INSERT INTO dim_date
                                        ^

2026-08-21 00:46:12,883 - ERROR - Error inserting date record: relation "dim_date" does not exist
LINE 2:                     INSERT INTO dim_date
                                        ^

2026-08-21 00:46:12,886 - ERROR - Error inserting date record: relation "dim_date" does not exist
LINE 2:                     INSERT INTO dim_date
                                        ^

2026-08-21 00:46:12,886 - ERROR - Error inserting date record: relation "dim_date" does not exist
LINE 2:                     INSERT INTO dim_date
                                        ^

2026-08-21 00:46:12,887 - ERROR - Error inserting date record: relation "dim_date" does not exist
LINE 2:                     INSERT INTO dim_date
                                        ^

2026-08-21 00:46:12,887 - ERROR - Error inserting date record: relation "dim_date" does not exist
LINE 2:                     INSERT INTO dim_date
                                        ^

2026-08-21 00:46:12,887 - ERROR - Error inserting date record: relation "dim_date" does not exist
LINE 2:                     INSERT INTO dim_date
                                        ^

2026-08-21 00:46:12,888 - ERROR - Error inserting date record: relation "dim_date" does not exist
LINE 2:                     INSERT INTO dim_date
                                        ^

2026-08-21 00:46:12,888 - ERROR - Error inserting date record: relation "dim_date" does not exist
LINE 2:                     INSERT INTO dim_date
                                        ^

2026-08-21 00:46:12,889 - ERROR - Error inserting date record: relation "dim_date" does not exist
LINE 2:                     INSERT INTO dim_date
                                        ^

2026-08-21 00:46:12,889 - ERROR - Error inserting date record: relation "dim_date" does not exist
LINE 2:                     INSERT INTO dim_date
                                        ^

2026-08-21 00:46:12,890 - ERROR - Error inserting date record: relation "dim_date" does not exist
LINE 2:                     INSERT INTO dim_date
                                        ^

2026-08-21 00:46:12,890 - ERROR - Error inserting date record: relation "dim_date" does not exist
LINE 2:                     INSERT INTO dim_date
                                        ^

2026-08-21 00:46:12,890 - ERROR - Error inserting date record: relation "dim_date" does not exist
LINE 2:                     INSERT INTO dim_date
                                        ^

2026-08-21 00:46:12,891 - ERROR - Error inserting date record: relation "dim_date" does not exist
LINE 2:                     INSERT INTO dim_date
                                        ^

2026-08-21 00:46:12,891 - ERROR - Error inserting date record: relation "dim_date" does not exist
LINE 2:                     INSERT INTO dim_date
                                        ^

2026-08-21 00:46:12,892 - ERROR - Error inserting date record: relation "dim_date" does not exist
LINE 2:                     INSERT INTO dim_date
                                        ^

2026-08-21 00:46:12,892 - ERROR - Error inserting date record: relation "dim_date" does not exist
LINE 2:                     INSERT INTO dim_date
                                        ^

2026-08-21 00:46:12,893 - ERROR - Error inserting date record: relation "dim_date" does not exist
LINE 2:                     INSERT INTO dim_date
                                        ^

2026-08-21 00:46:12,893 - ERROR - Error inserting date record: relation "dim_date" does not exist
LINE 2:                     INSERT INTO dim_date
                                        ^

2026-08-21 00:46:12,893 - ERROR - Error inserting date record: relation "dim_date" does not exist
LINE 2:                     INSERT INTO dim_date
                                        ^

2026-08-21 00:46:12,894 - ERROR - Error inserting date record: relation "dim_date" does not exist
LINE 2:                     INSERT INTO dim_date
                                        ^

2026-08-21 00:46:12,894 - ERROR - Error inserting date record: relation "dim_date" does not exist
LINE 2:                     INSERT INTO dim_date
                                        ^

2026-08-21 00:46:12,895 - ERROR - Error inserting date record: relation "dim_date" does not exist
LINE 2:                     INSERT INTO dim_date
                                        ^

2026-08-21 00:46:12,895 - ERROR - Error inserting date record: relation "dim_date" does not exist
LINE 2:                     INSERT INTO dim_date
                                        ^

2026-08-21 00:46:12,896 - ERROR - Error inserting date record: relation "dim_date" does not exist
LINE 2:                     INSERT INTO dim_date
                                        ^

2026-08-21 00:46:12,896 - ERROR - Error inserting date record: relation "dim_date" does not exist
LINE 2:                     INSERT INTO dim_date
                                        ^

2026-08-21 00:46:12,896 - ERROR - Error inserting date record: relation "dim_date" does not exist
LINE 2:                     INSERT INTO dim_date
                                        ^

2026-08-21 00:46:12,897 - ERROR - Error inserting date record: relation "dim_date" does not exist
LINE 2:                     INSERT INTO dim_date
                                        ^

2026-08-21 00:46:12,897 - ERROR - Error inserting date record: relation "dim_date" does not exist
LINE 2:                     INSERT INTO dim_date
                                        ^

2026-08-21 00:46:12,898 - ERROR - Error inserting date record: relation "dim_date" does not exist
LINE 2:                     INSERT INTO dim_date
                                        ^

2026-08-21 00:46:12,898 - ERROR - Error inserting date record: relation "dim_date" does not exist
LINE 2:                     INSERT INTO dim_date
                                        ^

2026-08-21 00:46:12,898 - ERROR - Error inserting date record: relation "dim_date" does not exist
LINE 2:                     INSERT INTO dim_date
                                        ^

2026-08-21 00:46:12,899 - ERROR - Error inserting date record: relation "dim_date" does not exist
LINE 2:                     INSERT INTO dim_date
                                        ^

2026-08-21 00:46:12,900 - ERROR - Error inserting date record: relation "dim_date" does not exist
LINE 2:                     INSERT INTO dim_date
                                        ^

2026-08-21 00:46:12,902 - ERROR - Error inserting date record: relation "dim_date" does not exist
LINE 2:                     INSERT INTO dim_date
                                        ^

2026-08-21 00:46:12,902 - ERROR - Error inserting date record: relation "dim_date" does not exist
LINE 2:                     INSERT INTO dim_date
                                        ^

2026-08-21 00:46:12,903 - ERROR - Error inserting date record: relation "dim_date" does not exist
LINE 2:                     INSERT INTO dim_date
                                        ^

2026-08-21 00:46:12,903 - ERROR - Error inserting date record: relation "dim_date" does not exist
LINE 2:                     INSERT INTO dim_date
                                        ^

2026-08-21 00:46:12,904 - ERROR - Error inserting date record: relation "dim_date" does not exist
LINE 2:                     INSERT INTO dim_date
                                        ^

2026-08-21 00:46:12,904 - ERROR - Error inserting date record: relation "dim_date" does not exist
LINE 2:                     INSERT INTO dim_date
                                        ^

2026-08-21 00:46:12,905 - ERROR - Error inserting date record: relation "dim_date" does not exist
LINE 2:                     INSERT INTO dim_date
                                        ^

2026-08-21 00:46:12,905 - ERROR - Error inserting date record: relation "dim_date" does not exist
LINE 2:                     INSERT INTO dim_date
                                        ^

2026-08-21 00:46:12,905 - ERROR - Error inserting date record: relation "dim_date" does not exist
LINE 2:                     INSERT INTO dim_date
                                        ^

2026-08-21 00:46:12,906 - ERROR - Error inserting date record: relation "dim_date" does not exist
LINE 2:                     INSERT INTO dim_date
                                        ^

2026-08-21 00:46:12,906 - ERROR - Error inserting date record: relation "dim_date" does not exist
LINE 2:                     INSERT INTO dim_date
                                        ^

2026-08-21 00:46:12,907 - ERROR - Error inserting date record: relation "dim_date" does not exist
LINE 2:                     INSERT INTO dim_date
                                        ^

2026-08-21 00:46:12,907 - ERROR - Error inserting date record: relation "dim_date" does not exist
LINE 2:                     INSERT INTO dim_date
                                        ^

2026-08-21 00:46:12,907 - ERROR - Error inserting date record: relation "dim_date" does not exist
LINE 2:                     INSERT INTO dim_date
                                        ^

2026-08-21 00:46:12,908 - ERROR - Error inserting date record: relation "dim_date" does not exist
LINE 2:                     INSERT INTO dim_date
                                        ^

2026-08-21 00:46:12,908 - ERROR - Error inserting date record: relation "dim_date" does not exist
LINE 2:                     INSERT INTO dim_date
                                        ^

2026-08-21 00:46:12,909 - ERROR - Error inserting date record: relation "dim_date" does not exist
LINE 2:                     INSERT INTO dim_date
                                        ^

2026-08-21 00:46:12,909 - ERROR - Error inserting date record: relation "dim_date" does not exist
LINE 2:                     INSERT INTO dim_date
                                        ^

2026-08-21 00:46:12,910 - ERROR - Error inserting date record: relation "dim_date" does not exist
LINE 2:                     INSERT INTO dim_date
                                        ^

2026-08-21 00:46:12,910 - ERROR - Error inserting date record: relation "dim_date" does not exist
LINE 2:                     INSERT INTO dim_date
                                        ^

2026-08-21 00:46:12,910 - ERROR - Error inserting date record: relation "dim_date" does not exist
LINE 2:                     INSERT INTO dim_date
                                        ^

2026-08-21 00:46:12,911 - ERROR - Error inserting date record: relation "dim_date" does not exist
LINE 2:                     INSERT INTO dim_date
                                        ^

2026-08-21 00:46:12,911 - ERROR - Error inserting date record: relation "dim_date" does not exist
LINE 2:                     INSERT INTO dim_date
                                        ^

2026-08-21 00:46:12,912 - ERROR - Error inserting date record: relation "dim_date" does not exist
LINE 2:                     INSERT INTO dim_date
                                        ^

2026-08-21 00:46:12,912 - ERROR - Error inserting date record: relation "dim_date" does not exist
LINE 2:                     INSERT INTO dim_date
                                        ^

2026-08-21 00:46:12,912 - ERROR - Error inserting date record: relation "dim_date" does not exist
LINE 2:                     INSERT INTO dim_date
                                        ^

2026-08-21 00:46:12,913 - ERROR - Error inserting date record: relation "dim_date" does not exist
LINE 2:                     INSERT INTO dim_date
                                        ^

2026-08-21 00:46:12,913 - ERROR - Error inserting date record: relation "dim_date" does not exist
LINE 2:                     INSERT INTO dim_date
                                        ^

2026-08-21 00:46:12,914 - ERROR - Error inserting date record: relation "dim_date" does not exist
LINE 2:                     INSERT INTO dim_date
                                        ^

2026-08-21 00:46:12,914 - ERROR - Error inserting date record: relation "dim_date" does not exist
LINE 2:                     INSERT INTO dim_date
                                        ^

2026-08-21 00:46:12,915 - ERROR - Error inserting date record: relation "dim_date" does not exist
LINE 2:                     INSERT INTO dim_date
                                        ^

2026-08-21 00:46:12,915 - ERROR - Error inserting date record: relation "dim_date" does not exist
LINE 2:                     INSERT INTO dim_date
                                        ^

2026-08-21 00:46:12,917 - ERROR - Error inserting date record: relation "dim_date" does not exist
LINE 2:                     INSERT INTO dim_date
                                        ^

2026-08-21 00:46:12,918 - ERROR - Error inserting date record: relation "dim_date" does not exist
LINE 2:                     INSERT INTO dim_date
                                        ^

2026-08-21 00:46:12,918 - ERROR - Error inserting date record: relation "dim_date" does not exist
LINE 2:                     INSERT INTO dim_date
                                        ^

2026-08-21 00:46:12,918 - ERROR - Error inserting date record: relation "dim_date" does not exist
LINE 2:                     INSERT INTO dim_date
                                        ^

2026-08-21 00:46:12,919 - ERROR - Error inserting date record: relation "dim_date" does not exist
LINE 2:                     INSERT INTO dim_date
                                        ^

2026-08-21 00:46:12,919 - ERROR - Error inserting date record: relation "dim_date" does not exist
LINE 2:                     INSERT INTO dim_date
                                        ^

2026-08-21 00:46:12,920 - ERROR - Error inserting date record: relation "dim_date" does not exist
LINE 2:                     INSERT INTO dim_date
                                        ^

2026-08-21 00:46:12,920 - ERROR - Error inserting date record: relation "dim_date" does not exist
LINE 2:                     INSERT INTO dim_date
                                        ^

2026-08-21 00:46:12,920 - ERROR - Error inserting date record: relation "dim_date" does not exist
LINE 2:                     INSERT INTO dim_date
                                        ^

2026-08-21 00:46:12,921 - ERROR - Error inserting date record: relation "dim_date" does not exist
LINE 2:                     INSERT INTO dim_date
                                        ^

2026-08-21 00:46:12,921 - ERROR - Error inserting date record: relation "dim_date" does not exist
LINE 2:                     INSERT INTO dim_date
                                        ^

2026-08-21 00:46:12,922 - ERROR - Error inserting date record: relation "dim_date" does not exist
LINE 2:                     INSERT INTO dim_date
                                        ^

2026-08-21 00:46:12,922 - ERROR - Error inserting date record: relation "dim_date" does not exist
LINE 2:                     INSERT INTO dim_date
                                        ^

2026-08-21 00:46:12,922 - ERROR - Error inserting date record: relation "dim_date" does not exist
LINE 2:                     INSERT INTO dim_date
                                        ^

2026-08-21 00:46:12,923 - ERROR - Error inserting date record: relation "dim_date" does not exist
LINE 2:                     INSERT INTO dim_date
                                        ^

2026-08-21 00:46:12,923 - ERROR - Error inserting date record: relation "dim_date" does not exist
LINE 2:                     INSERT INTO dim_date
                                        ^

2026-08-21 00:46:12,924 - ERROR - Error inserting date record: relation "dim_date" does not exist
LINE 2:                     INSERT INTO dim_date
                                        ^

2026-08-21 00:46:12,924 - ERROR - Error inserting date record: relation "dim_date" does not exist
LINE 2:                     INSERT INTO dim_date
                                        ^

2026-08-21 00:46:12,925 - ERROR - Error inserting date record: relation "dim_date" does not exist
LINE 2:                     INSERT INTO dim_date
                                        ^

2026-08-21 00:46:12,925 - ERROR - Error inserting date record: relation "dim_date" does not exist
LINE 2:                     INSERT INTO dim_date
                                        ^

2026-08-21 00:46:12,926 - ERROR - Error inserting date record: relation "dim_date" does not exist
LINE 2:                     INSERT INTO dim_date
                                        ^

2026-08-21 00:46:12,926 - ERROR - Error inserting date record: relation "dim_date" does not exist
LINE 2:                     INSERT INTO dim_date
                                        ^

2026-08-21 00:46:12,926 - ERROR - Error inserting date record: relation "dim_date" does not exist
LINE 2:                     INSERT INTO dim_date
                                        ^

2026-08-21 00:46:12,927 - ERROR - Error inserting date record: relation "dim_date" does not exist
LINE 2:                     INSERT INTO dim_date
                                        ^

2026-08-21 00:46:12,927 - ERROR - Error inserting date record: relation "dim_date" does not exist
LINE 2:                     INSERT INTO dim_date
                                        ^

2026-08-21 00:46:12,928 - ERROR - Error inserting date record: relation "dim_date" does not exist
LINE 2:                     INSERT INTO dim_date
                                        ^

2026-08-21 00:46:12,928 - ERROR - Error inserting date record: relation "dim_date" does not exist
LINE 2:                     INSERT INTO dim_date
                                        ^

2026-08-21 00:46:12,929 - ERROR - Error inserting date record: relation "dim_date" does not exist
LINE 2:                     INSERT INTO dim_date
                                        ^

2026-08-21 00:46:12,929 - ERROR - Error inserting date record: relation "dim_date" does not exist
LINE 2:                     INSERT INTO dim_date
                                        ^

2026-08-21 00:46:12,929 - ERROR - Error inserting date record: relation "dim_date" does not exist
LINE 2:                     INSERT INTO dim_date
                                        ^

2026-08-21 00:46:12,930 - ERROR - Error inserting date record: relation "dim_date" does not exist
LINE 2:                     INSERT INTO dim_date
                                        ^

2026-08-21 00:46:12,930 - ERROR - Error inserting date record: relation "dim_date" does not exist
LINE 2:                     INSERT INTO dim_date
                                        ^

2026-08-21 00:46:12,931 - ERROR - Error inserting date record: relation "dim_date" does not exist
LINE 2:                     INSERT INTO dim_date
                                        ^

2026-08-21 00:46:12,933 - ERROR - Error inserting date record: relation "dim_date" does not exist
LINE 2:                     INSERT INTO dim_date
                                        ^

2026-08-21 00:46:12,933 - ERROR - Error inserting date record: relation "dim_date" does not exist
LINE 2:                     INSERT INTO dim_date
                                        ^

2026-08-21 00:46:12,934 - ERROR - Error inserting date record: relation "dim_date" does not exist
LINE 2:                     INSERT INTO dim_date
                                        ^

2026-08-21 00:46:12,934 - ERROR - Error inserting date record: relation "dim_date" does not exist
LINE 2:                     INSERT INTO dim_date
                                        ^

2026-08-21 00:46:12,935 - ERROR - Error inserting date record: relation "dim_date" does not exist
LINE 2:                     INSERT INTO dim_date
                                        ^

2026-08-21 00:46:12,935 - ERROR - Error inserting date record: relation "dim_date" does not exist
LINE 2:                     INSERT INTO dim_date
                                        ^

2026-08-21 00:46:12,935 - ERROR - Error inserting date record: relation "dim_date" does not exist
LINE 2:                     INSERT INTO dim_date
                                        ^

2026-08-21 00:46:12,936 - ERROR - Error inserting date record: relation "dim_date" does not exist
LINE 2:                     INSERT INTO dim_date
                                        ^

2026-08-21 00:46:12,936 - ERROR - Error inserting date record: relation "dim_date" does not exist
LINE 2:                     INSERT INTO dim_date
                                        ^

2026-08-21 00:46:12,937 - ERROR - Error inserting date record: relation "dim_date" does not exist
LINE 2:                     INSERT INTO dim_date
                                        ^

2026-08-21 00:46:12,937 - ERROR - Error inserting date record: relation "dim_date" does not exist
LINE 2:                     INSERT INTO dim_date
                                        ^

2026-08-21 00:46:12,937 - ERROR - Error inserting date record: relation "dim_date" does not exist
LINE 2:                     INSERT INTO dim_date
                                        ^

2026-08-21 00:46:12,938 - ERROR - Error inserting date record: relation "dim_date" does not exist
LINE 2:                     INSERT INTO dim_date
                                        ^

2026-08-21 00:46:12,938 - ERROR - Error inserting date record: relation "dim_date" does not exist
LINE 2:                     INSERT INTO dim_date
                                        ^

2026-08-21 00:46:12,939 - ERROR - Error inserting date record: relation "dim_date" does not exist
LINE 2:                     INSERT INTO dim_date
                                        ^

2026-08-21 00:46:12,939 - ERROR - Error inserting date record: relation "dim_date" does not exist
LINE 2:                     INSERT INTO dim_date
                                        ^

2026-08-21 00:46:12,939 - ERROR - Error inserting date record: relation "dim_date" does not exist
LINE 2:                     INSERT INTO dim_date
                                        ^

2026-08-21 00:46:12,940 - ERROR - Error inserting date record: relation "dim_date" does not exist
LINE 2:                     INSERT INTO dim_date
                                        ^

2026-08-21 00:46:12,940 - ERROR - Error inserting date record: relation "dim_date" does not exist
LINE 2:                     INSERT INTO dim_date
                                        ^

2026-08-21 00:46:12,941 - ERROR - Error inserting date record: relation "dim_date" does not exist
LINE 2:                     INSERT INTO dim_date
                                        ^

2026-08-21 00:46:12,941 - ERROR - Error inserting date record: relation "dim_date" does not exist
LINE 2:                     INSERT INTO dim_date
                                        ^

2026-08-21 00:46:12,942 - ERROR - Error inserting date record: relation "dim_date" does not exist
LINE 2:                     INSERT INTO dim_date
                                        ^

2026-08-21 00:46:12,942 - ERROR - Error inserting date record: relation "dim_date" does not exist
LINE 2:                     INSERT INTO dim_date
                                        ^

2026-08-21 00:46:12,943 - ERROR - Error inserting date record: relation "dim_date" does not exist
LINE 2:                     INSERT INTO dim_date
                                        ^

2026-08-21 00:46:12,943 - ERROR - Error inserting date record: relation "dim_date" does not exist
LINE 2:                     INSERT INTO dim_date
                                        ^

2026-08-21 00:46:12,943 - ERROR - Error inserting date record: relation "dim_date" does not exist
LINE 2:                     INSERT INTO dim_date
                                        ^

2026-08-21 00:46:12,944 - ERROR - Error inserting date record: relation "dim_date" does not exist
LINE 2:                     INSERT INTO dim_date
                                        ^

2026-08-21 00:46:12,944 - ERROR - Error inserting date record: relation "dim_date" does not exist
LINE 2:                     INSERT INTO dim_date
                                        ^

2026-08-21 00:46:12,945 - ERROR - Error inserting date record: relation "dim_date" does not exist
LINE 2:                     INSERT INTO dim_date
                                        ^

2026-08-21 00:46:12,945 - ERROR - Error inserting date record: relation "dim_date" does not exist
LINE 2:                     INSERT INTO dim_date
                                        ^

2026-08-21 00:46:12,945 - ERROR - Error inserting date record: relation "dim_date" does not exist
LINE 2:                     INSERT INTO dim_date
                                        ^

2026-08-21 00:46:12,946 - ERROR - Error inserting date record: relation "dim_date" does not exist
LINE 2:                     INSERT INTO dim_date
                                        ^

2026-08-21 00:46:12,946 - ERROR - Error inserting date record: relation "dim_date" does not exist
LINE 2:                     INSERT INTO dim_date
                                        ^

2026-08-21 00:46:12,947 - ERROR - Error inserting date record: relation "dim_date" does not exist
LINE 2:                     INSERT INTO dim_date
                                        ^

2026-08-21 00:46:12,949 - ERROR - Error inserting date record: relation "dim_date" does not exist
LINE 2:                     INSERT INTO dim_date
                                        ^

2026-08-21 00:46:12,949 - ERROR - Error inserting date record: relation "dim_date" does not exist
LINE 2:                     INSERT INTO dim_date
                                        ^

2026-08-21 00:46:12,950 - ERROR - Error inserting date record: relation "dim_date" does not exist
LINE 2:                     INSERT INTO dim_date
                                        ^

2026-08-21 00:46:12,950 - ERROR - Error inserting date record: relation "dim_date" does not exist
LINE 2:                     INSERT INTO dim_date
                                        ^

2026-08-21 00:46:12,951 - ERROR - Error inserting date record: relation "dim_date" does not exist
LINE 2:                     INSERT INTO dim_date
                                        ^

2026-08-21 00:46:12,951 - ERROR - Error inserting date record: relation "dim_date" does not exist
LINE 2:                     INSERT INTO dim_date
                                        ^

2026-08-21 00:46:12,951 - ERROR - Error inserting date record: relation "dim_date" does not exist
LINE 2:                     INSERT INTO dim_date
                                        ^

2026-08-21 00:46:12,952 - ERROR - Error inserting date record: relation "dim_date" does not exist
LINE 2:                     INSERT INTO dim_date
                                        ^

2026-08-21 00:46:12,952 - ERROR - Error inserting date record: relation "dim_date" does not exist
LINE 2:                     INSERT INTO dim_date
                                        ^

2026-08-21 00:46:12,953 - ERROR - Error inserting date record: relation "dim_date" does not exist
LINE 2:                     INSERT INTO dim_date
                                        ^

2026-08-21 00:46:12,953 - ERROR - Error inserting date record: relation "dim_date" does not exist
LINE 2:                     INSERT INTO dim_date
                                        ^

2026-08-21 00:46:12,953 - ERROR - Error inserting date record: relation "dim_date" does not exist
LINE 2:                     INSERT INTO dim_date
                                        ^

2026-08-21 00:46:12,954 - ERROR - Error inserting date record: relation "dim_date" does not exist
LINE 2:                     INSERT INTO dim_date
                                        ^

2026-08-21 00:46:12,954 - ERROR - Error inserting date record: relation "dim_date" does not exist
LINE 2:                     INSERT INTO dim_date
                                        ^

2026-08-21 00:46:12,955 - ERROR - Error inserting date record: relation "dim_date" does not exist
LINE 2:                     INSERT INTO dim_date
                                        ^

2026-08-21 00:46:12,955 - ERROR - Error inserting date record: relation "dim_date" does not exist
LINE 2:                     INSERT INTO dim_date
                                        ^

2026-08-21 00:46:12,955 - ERROR - Error inserting date record: relation "dim_date" does not exist
LINE 2:                     INSERT INTO dim_date
                                        ^

2026-08-21 00:46:12,956 - ERROR - Error inserting date record: relation "dim_date" does not exist
LINE 2:                     INSERT INTO dim_date
                                        ^

2026-08-21 00:46:12,956 - ERROR - Error inserting date record: relation "dim_date" does not exist
LINE 2:                     INSERT INTO dim_date
                                        ^

2026-08-21 00:46:12,957 - ERROR - Error inserting date record: relation "dim_date" does not exist
LINE 2:                     INSERT INTO dim_date
                                        ^

2026-08-21 00:46:12,957 - ERROR - Error inserting date record: relation "dim_date" does not exist
LINE 2:                     INSERT INTO dim_date
                                        ^

2026-08-21 00:46:12,958 - ERROR - Error inserting date record: relation "dim_date" does not exist
LINE 2:                     INSERT INTO dim_date
                                        ^

2026-08-21 00:46:12,958 - ERROR - Error inserting date record: relation "dim_date" does not exist
LINE 2:                     INSERT INTO dim_date
                                        ^

2026-08-21 00:46:12,959 - ERROR - Error inserting date record: relation "dim_date" does not exist
LINE 2:                     INSERT INTO dim_date
                                        ^

2026-08-21 00:46:12,959 - ERROR - Error inserting date record: relation "dim_date" does not exist
LINE 2:                     INSERT INTO dim_date
                                        ^

2026-08-21 00:46:12,959 - ERROR - Error inserting date record: relation "dim_date" does not exist
LINE 2:                     INSERT INTO dim_date
                                        ^

2026-08-21 00:46:12,960 - ERROR - Error inserting date record: relation "dim_date" does not exist
LINE 2:                     INSERT INTO dim_date
                                        ^

2026-08-21 00:46:12,960 - ERROR - Error inserting date record: relation "dim_date" does not exist
LINE 2:                     INSERT INTO dim_date
                                        ^

2026-08-21 00:46:12,961 - ERROR - Error inserting date record: relation "dim_date" does not exist
LINE 2:                     INSERT INTO dim_date
                                        ^

2026-08-21 00:46:12,961 - ERROR - Error inserting date record: relation "dim_date" does not exist
LINE 2:                     INSERT INTO dim_date
                                        ^

2026-08-21 00:46:12,961 - ERROR - Error inserting date record: relation "dim_date" does not exist
LINE 2:                     INSERT INTO dim_date
                                        ^

2026-08-21 00:46:12,962 - ERROR - Error inserting date record: relation "dim_date" does not exist
LINE 2:                     INSERT INTO dim_date
                                        ^

2026-08-21 00:46:12,962 - ERROR - Error inserting date record: relation "dim_date" does not exist
LINE 2:                     INSERT INTO dim_date
                                        ^

2026-08-21 00:46:12,963 - ERROR - Error inserting date record: relation "dim_date" does not exist
LINE 2:                     INSERT INTO dim_date
                                        ^

2026-08-21 00:46:12,965 - ERROR - Error inserting date record: relation "dim_date" does not exist
LINE 2:                     INSERT INTO dim_date
                                        ^

2026-08-21 00:46:12,965 - ERROR - Error inserting date record: relation "dim_date" does not exist
LINE 2:                     INSERT INTO dim_date
                                        ^

2026-08-21 00:46:12,966 - ERROR - Error inserting date record: relation "dim_date" does not exist
LINE 2:                     INSERT INTO dim_date
                                        ^

2026-08-21 00:46:12,966 - ERROR - Error inserting date record: relation "dim_date" does not exist
LINE 2:                     INSERT INTO dim_date
                                        ^

2026-08-21 00:46:12,967 - ERROR - Error inserting date record: relation "dim_date" does not exist
LINE 2:                     INSERT INTO dim_date
                                        ^

2026-08-21 00:46:12,967 - ERROR - Error inserting date record: relation "dim_date" does not exist
LINE 2:                     INSERT INTO dim_date
                                        ^

2026-08-21 00:46:12,967 - ERROR - Error inserting date record: relation "dim_date" does not exist
LINE 2:                     INSERT INTO dim_date
                                        ^

2026-08-21 00:46:12,968 - ERROR - Error inserting date record: relation "dim_date" does not exist
LINE 2:                     INSERT INTO dim_date
                                        ^

2026-08-21 00:46:12,968 - ERROR - Error inserting date record: relation "dim_date" does not exist
LINE 2:                     INSERT INTO dim_date
                                        ^

2026-08-21 00:46:12,969 - ERROR - Error inserting date record: relation "dim_date" does not exist
LINE 2:                     INSERT INTO dim_date
                                        ^

2026-08-21 00:46:12,969 - ERROR - Error inserting date record: relation "dim_date" does not exist
LINE 2:                     INSERT INTO dim_date
                                        ^

2026-08-21 00:46:12,969 - ERROR - Error inserting date record: relation "dim_date" does not exist
LINE 2:                     INSERT INTO dim_date
                                        ^

2026-08-21 00:46:12,970 - ERROR - Error inserting date record: relation "dim_date" does not exist
LINE 2:                     INSERT INTO dim_date
                                        ^

2026-08-21 00:46:12,970 - ERROR - Error inserting date record: relation "dim_date" does not exist
LINE 2:                     INSERT INTO dim_date
                                        ^

2026-08-21 00:46:12,971 - ERROR - Error inserting date record: relation "dim_date" does not exist
LINE 2:                     INSERT INTO dim_date
                                        ^

2026-08-21 00:46:12,971 - ERROR - Error inserting date record: relation "dim_date" does not exist
LINE 2:                     INSERT INTO dim_date
                                        ^

2026-08-21 00:46:12,971 - ERROR - Error inserting date record: relation "dim_date" does not exist
LINE 2:                     INSERT INTO dim_date
                                        ^

2026-08-21 00:46:12,972 - ERROR - Error inserting date record: relation "dim_date" does not exist
LINE 2:                     INSERT INTO dim_date
                                        ^

2026-08-21 00:46:12,972 - ERROR - Error inserting date record: relation "dim_date" does not exist
LINE 2:                     INSERT INTO dim_date
                                        ^

2026-08-21 00:46:12,973 - ERROR - Error inserting date record: relation "dim_date" does not exist
LINE 2:                     INSERT INTO dim_date
                                        ^

2026-08-21 00:46:12,973 - ERROR - Error inserting date record: relation "dim_date" does not exist
LINE 2:                     INSERT INTO dim_date
                                        ^

2026-08-21 00:46:12,974 - ERROR - Error inserting date record: relation "dim_date" does not exist
LINE 2:                     INSERT INTO dim_date
                                        ^

2026-08-21 00:46:12,974 - ERROR - Error inserting date record: relation "dim_date" does not exist
LINE 2:                     INSERT INTO dim_date
                                        ^

2026-08-21 00:46:12,974 - ERROR - Error inserting date record: relation "dim_date" does not exist
LINE 2:                     INSERT INTO dim_date
                                        ^

2026-08-21 00:46:12,975 - ERROR - Error inserting date record: relation "dim_date" does not exist
LINE 2:                     INSERT INTO dim_date
                                        ^

2026-08-21 00:46:12,975 - ERROR - Error inserting date record: relation "dim_date" does not exist
LINE 2:                     INSERT INTO dim_date
                                        ^

2026-08-21 00:46:12,976 - ERROR - Error inserting date record: relation "dim_date" does not exist
LINE 2:                     INSERT INTO dim_date
                                        ^

2026-08-21 00:46:12,976 - ERROR - Error inserting date record: relation "dim_date" does not exist
LINE 2:                     INSERT INTO dim_date
                                        ^

2026-08-21 00:46:12,976 - ERROR - Error inserting date record: relation "dim_date" does not exist
LINE 2:                     INSERT INTO dim_date
                                        ^

2026-08-21 00:46:12,977 - ERROR - Error inserting date record: relation "dim_date" does not exist
LINE 2:                     INSERT INTO dim_date
                                        ^

2026-08-21 00:46:12,977 - ERROR - Error inserting date record: relation "dim_date" does not exist
LINE 2:                     INSERT INTO dim_date
                                        ^

2026-08-21 00:46:12,978 - ERROR - Error inserting date record: relation "dim_date" does not exist
LINE 2:                     INSERT INTO dim_date
                                        ^

2026-08-21 00:46:12,978 - ERROR - Error inserting date record: relation "dim_date" does not exist
LINE 2:                     INSERT INTO dim_date
                                        ^

2026-08-21 00:46:12,979 - ERROR - Error inserting date record: relation "dim_date" does not exist
LINE 2:                     INSERT INTO dim_date
                                        ^

2026-08-21 00:46:12,981 - ERROR - Error inserting date record: relation "dim_date" does not exist
LINE 2:                     INSERT INTO dim_date
                                        ^

2026-08-21 00:46:12,981 - ERROR - Error inserting date record: relation "dim_date" does not exist
LINE 2:                     INSERT INTO dim_date
                                        ^

2026-08-21 00:46:12,981 - ERROR - Error inserting date record: relation "dim_date" does not exist
LINE 2:                     INSERT INTO dim_date
                                        ^

2026-08-21 00:46:12,982 - ERROR - Error inserting date record: relation "dim_date" does not exist
LINE 2:                     INSERT INTO dim_date
                                        ^

2026-08-21 00:46:12,982 - ERROR - Error inserting date record: relation "dim_date" does not exist
LINE 2:                     INSERT INTO dim_date
                                        ^

2026-08-21 00:46:12,983 - ERROR - Error inserting date record: relation "dim_date" does not exist
LINE 2:                     INSERT INTO dim_date
                                        ^

2026-08-21 00:46:12,983 - ERROR - Error inserting date record: relation "dim_date" does not exist
LINE 2:                     INSERT INTO dim_date
                                        ^

2026-08-21 00:46:12,983 - ERROR - Error inserting date record: relation "dim_date" does not exist
LINE 2:                     INSERT INTO dim_date
                                        ^

2026-08-21 00:46:12,984 - ERROR - Error inserting date record: relation "dim_date" does not exist
LINE 2:                     INSERT INTO dim_date
                                        ^

2026-08-21 00:46:12,984 - ERROR - Error inserting date record: relation "dim_date" does not exist
LINE 2:                     INSERT INTO dim_date
                                        ^

2026-08-21 00:46:12,985 - ERROR - Error inserting date record: relation "dim_date" does not exist
LINE 2:                     INSERT INTO dim_date
                                        ^

2026-08-21 00:46:12,985 - ERROR - Error inserting date record: relation "dim_date" does not exist
LINE 2:                     INSERT INTO dim_date
                                        ^

2026-08-21 00:46:12,985 - ERROR - Error inserting date record: relation "dim_date" does not exist
LINE 2:                     INSERT INTO dim_date
                                        ^

2026-08-21 00:46:12,986 - ERROR - Error inserting date record: relation "dim_date" does not exist
LINE 2:                     INSERT INTO dim_date
                                        ^

2026-08-21 00:46:12,986 - ERROR - Error inserting date record: relation "dim_date" does not exist
LINE 2:                     INSERT INTO dim_date
                                        ^

2026-08-21 00:46:12,987 - ERROR - Error inserting date record: relation "dim_date" does not exist
LINE 2:                     INSERT INTO dim_date
                                        ^

2026-08-21 00:46:12,987 - ERROR - Error inserting date record: relation "dim_date" does not exist
LINE 2:                     INSERT INTO dim_date
                                        ^

2026-08-21 00:46:12,987 - ERROR - Error inserting date record: relation "dim_date" does not exist
LINE 2:                     INSERT INTO dim_date
                                        ^

2026-08-21 00:46:12,988 - ERROR - Error inserting date record: relation "dim_date" does not exist
LINE 2:                     INSERT INTO dim_date
                                        ^

2026-08-21 00:46:12,988 - ERROR - Error inserting date record: relation "dim_date" does not exist
LINE 2:                     INSERT INTO dim_date
                                        ^

2026-08-21 00:46:12,989 - ERROR - Error inserting date record: relation "dim_date" does not exist
LINE 2:                     INSERT INTO dim_date
                                        ^

2026-08-21 00:46:12,989 - ERROR - Error inserting date record: relation "dim_date" does not exist
LINE 2:                     INSERT INTO dim_date
                                        ^

2026-08-21 00:46:12,990 - ERROR - Error inserting date record: relation "dim_date" does not exist
LINE 2:                     INSERT INTO dim_date
                                        ^

2026-08-21 00:46:12,990 - ERROR - Error inserting date record: relation "dim_date" does not exist
LINE 2:                     INSERT INTO dim_date
                                        ^

2026-08-21 00:46:12,990 - ERROR - Error inserting date record: relation "dim_date" does not exist
LINE 2:                     INSERT INTO dim_date
                                        ^

2026-08-21 00:46:12,991 - ERROR - Error inserting date record: relation "dim_date" does not exist
LINE 2:                     INSERT INTO dim_date
                                        ^

2026-08-21 00:46:12,991 - ERROR - Error inserting date record: relation "dim_date" does not exist
LINE 2:                     INSERT INTO dim_date
                                        ^

2026-08-21 00:46:12,992 - ERROR - Error inserting date record: relation "dim_date" does not exist
LINE 2:                     INSERT INTO dim_date
                                        ^

2026-08-21 00:46:12,992 - ERROR - Error inserting date record: relation "dim_date" does not exist
LINE 2:                     INSERT INTO dim_date
                                        ^

2026-08-21 00:46:12,993 - ERROR - Error inserting date record: relation "dim_date" does not exist
LINE 2:                     INSERT INTO dim_date
                                        ^

2026-08-21 00:46:12,993 - ERROR - Error inserting date record: relation "dim_date" does not exist
LINE 2:                     INSERT INTO dim_date
                                        ^

2026-08-21 00:46:12,993 - ERROR - Error inserting date record: relation "dim_date" does not exist
LINE 2:                     INSERT INTO dim_date
                                        ^

2026-08-21 00:46:12,994 - ERROR - Error inserting date record: relation "dim_date" does not exist
LINE 2:                     INSERT INTO dim_date
                                        ^

2026-08-21 00:46:12,996 - ERROR - Error inserting date record: relation "dim_date" does not exist
LINE 2:                     INSERT INTO dim_date
                                        ^

2026-08-21 00:46:12,996 - ERROR - Error inserting date record: relation "dim_date" does not exist
LINE 2:                     INSERT INTO dim_date
                                        ^

2026-08-21 00:46:12,997 - ERROR - Error inserting date record: relation "dim_date" does not exist
LINE 2:                     INSERT INTO dim_date
                                        ^

2026-08-21 00:46:12,997 - ERROR - Error inserting date record: relation "dim_date" does not exist
LINE 2:                     INSERT INTO dim_date
                                        ^

2026-08-21 00:46:12,997 - ERROR - Error inserting date record: relation "dim_date" does not exist
LINE 2:                     INSERT INTO dim_date
                                        ^

2026-08-21 00:46:12,998 - ERROR - Error inserting date record: relation "dim_date" does not exist
LINE 2:                     INSERT INTO dim_date
                                        ^

2026-08-21 00:46:12,998 - ERROR - Error inserting date record: relation "dim_date" does not exist
LINE 2:                     INSERT INTO dim_date
                                        ^

2026-08-21 00:46:12,999 - ERROR - Error inserting date record: relation "dim_date" does not exist
LINE 2:                     INSERT INTO dim_date
                                        ^

2026-08-21 00:46:12,999 - ERROR - Error inserting date record: relation "dim_date" does not exist
LINE 2:                     INSERT INTO dim_date
                                        ^

2026-08-21 00:46:13,000 - ERROR - Error inserting date record: relation "dim_date" does not exist
LINE 2:                     INSERT INTO dim_date
                                        ^

2026-08-21 00:46:13,000 - ERROR - Error inserting date record: relation "dim_date" does not exist
LINE 2:                     INSERT INTO dim_date
                                        ^

2026-08-21 00:46:13,000 - ERROR - Error inserting date record: relation "dim_date" does not exist
LINE 2:                     INSERT INTO dim_date
                                        ^

2026-08-21 00:46:13,001 - ERROR - Error inserting date record: relation "dim_date" does not exist
LINE 2:                     INSERT INTO dim_date
                                        ^

2026-08-21 00:46:13,001 - ERROR - Error inserting date record: relation "dim_date" does not exist
LINE 2:                     INSERT INTO dim_date
                                        ^

2026-08-21 00:46:13,002 - ERROR - Error inserting date record: relation "dim_date" does not exist
LINE 2:                     INSERT INTO dim_date
                                        ^

2026-08-21 00:46:13,002 - ERROR - Error inserting date record: relation "dim_date" does not exist
LINE 2:                     INSERT INTO dim_date
                                        ^

2026-08-21 00:46:13,002 - ERROR - Error inserting date record: relation "dim_date" does not exist
LINE 2:                     INSERT INTO dim_date
                                        ^

2026-08-21 00:46:13,003 - ERROR - Error inserting date record: relation "dim_date" does not exist
LINE 2:                     INSERT INTO dim_date
                                        ^

2026-08-21 00:46:13,003 - ERROR - Error inserting date record: relation "dim_date" does not exist
LINE 2:                     INSERT INTO dim_date
                                        ^

2026-08-21 00:46:13,004 - ERROR - Error inserting date record: relation "dim_date" does not exist
LINE 2:                     INSERT INTO dim_date
                                        ^

2026-08-21 00:46:13,004 - ERROR - Error inserting date record: relation "dim_date" does not exist
LINE 2:                     INSERT INTO dim_date
                                        ^

2026-08-21 00:46:13,005 - ERROR - Error inserting date record: relation "dim_date" does not exist
LINE 2:                     INSERT INTO dim_date
                                        ^

2026-08-21 00:46:13,005 - ERROR - Error inserting date record: relation "dim_date" does not exist
LINE 2:                     INSERT INTO dim_date
                                        ^

2026-08-21 00:46:13,005 - ERROR - Error inserting date record: relation "dim_date" does not exist
LINE 2:                     INSERT INTO dim_date
                                        ^

2026-08-21 00:46:13,006 - ERROR - Error inserting date record: relation "dim_date" does not exist
LINE 2:                     INSERT INTO dim_date
                                        ^

2026-08-21 00:46:13,006 - ERROR - Error inserting date record: relation "dim_date" does not exist
LINE 2:                     INSERT INTO dim_date
                                        ^

2026-08-21 00:46:13,007 - ERROR - Error inserting date record: relation "dim_date" does not exist
LINE 2:                     INSERT INTO dim_date
                                        ^

2026-08-21 00:46:13,007 - ERROR - Error inserting date record: relation "dim_date" does not exist
LINE 2:                     INSERT INTO dim_date
                                        ^

2026-08-21 00:46:13,007 - ERROR - Error inserting date record: relation "dim_date" does not exist
LINE 2:                     INSERT INTO dim_date
                                        ^

2026-08-21 00:46:13,008 - ERROR - Error inserting date record: relation "dim_date" does not exist
LINE 2:                     INSERT INTO dim_date
                                        ^

2026-08-21 00:46:13,008 - ERROR - Error inserting date record: relation "dim_date" does not exist
LINE 2:                     INSERT INTO dim_date
                                        ^

2026-08-21 00:46:13,009 - ERROR - Error inserting date record: relation "dim_date" does not exist
LINE 2:                     INSERT INTO dim_date
                                        ^

2026-08-21 00:46:13,011 - ERROR - Error inserting date record: relation "dim_date" does not exist
LINE 2:                     INSERT INTO dim_date
                                        ^

2026-08-21 00:46:13,012 - ERROR - Error inserting date record: relation "dim_date" does not exist
LINE 2:                     INSERT INTO dim_date
                                        ^

2026-08-21 00:46:13,012 - ERROR - Error inserting date record: relation "dim_date" does not exist
LINE 2:                     INSERT INTO dim_date
                                        ^

2026-08-21 00:46:13,012 - ERROR - Error inserting date record: relation "dim_date" does not exist
LINE 2:                     INSERT INTO dim_date
                                        ^

2026-08-21 00:46:13,013 - ERROR - Error inserting date record: relation "dim_date" does not exist
LINE 2:                     INSERT INTO dim_date
                                        ^

2026-08-21 00:46:13,013 - ERROR - Error inserting date record: relation "dim_date" does not exist
LINE 2:                     INSERT INTO dim_date
                                        ^

2026-08-21 00:46:13,014 - ERROR - Error inserting date record: relation "dim_date" does not exist
LINE 2:                     INSERT INTO dim_date
                                        ^

2026-08-21 00:46:13,014 - ERROR - Error inserting date record: relation "dim_date" does not exist
LINE 2:                     INSERT INTO dim_date
                                        ^

2026-08-21 00:46:13,014 - ERROR - Error inserting date record: relation "dim_date" does not exist
LINE 2:                     INSERT INTO dim_date
                                        ^

2026-08-21 00:46:13,015 - ERROR - Error inserting date record: relation "dim_date" does not exist
LINE 2:                     INSERT INTO dim_date
                                        ^

2026-08-21 00:46:13,015 - ERROR - Error inserting date record: relation "dim_date" does not exist
LINE 2:                     INSERT INTO dim_date
                                        ^

2026-08-21 00:46:13,016 - ERROR - Error inserting date record: relation "dim_date" does not exist
LINE 2:                     INSERT INTO dim_date
                                        ^

2026-08-21 00:46:13,016 - ERROR - Error inserting date record: relation "dim_date" does not exist
LINE 2:                     INSERT INTO dim_date
                                        ^

2026-08-21 00:46:13,016 - ERROR - Error inserting date record: relation "dim_date" does not exist
LINE 2:                     INSERT INTO dim_date
                                        ^

2026-08-21 00:46:13,017 - ERROR - Error inserting date record: relation "dim_date" does not exist
LINE 2:                     INSERT INTO dim_date
                                        ^

2026-08-21 00:46:13,017 - ERROR - Error inserting date record: relation "dim_date" does not exist
LINE 2:                     INSERT INTO dim_date
                                        ^

2026-08-21 00:46:13,018 - ERROR - Error inserting date record: relation "dim_date" does not exist
LINE 2:                     INSERT INTO dim_date
                                        ^

2026-08-21 00:46:13,026 - ERROR - Error inserting date record: relation "dim_date" does not exist
LINE 2:                     INSERT INTO dim_date
                                        ^

2026-08-21 00:46:13,026 - ERROR - Error inserting date record: relation "dim_date" does not exist
LINE 2:                     INSERT INTO dim_date
                                        ^

2026-08-21 00:46:13,027 - ERROR - Error inserting date record: relation "dim_date" does not exist
LINE 2:                     INSERT INTO dim_date
                                        ^

2026-08-21 00:46:13,027 - ERROR - Error inserting date record: relation "dim_date" does not exist
LINE 2:                     INSERT INTO dim_date
                                        ^

2026-08-21 00:46:13,028 - ERROR - Error inserting date record: relation "dim_date" does not exist
LINE 2:                     INSERT INTO dim_date
                                        ^

2026-08-21 00:46:13,028 - ERROR - Error inserting date record: relation "dim_date" does not exist
LINE 2:                     INSERT INTO dim_date
                                        ^

2026-08-21 00:46:13,029 - ERROR - Error inserting date record: relation "dim_date" does not exist
LINE 2:                     INSERT INTO dim_date
                                        ^

2026-08-21 00:46:13,029 - ERROR - Error inserting date record: relation "dim_date" does not exist
LINE 2:                     INSERT INTO dim_date
                                        ^

2026-08-21 00:46:13,029 - ERROR - Error inserting date record: relation "dim_date" does not exist
LINE 2:                     INSERT INTO dim_date
                                        ^

2026-08-21 00:46:13,030 - ERROR - Error inserting date record: relation "dim_date" does not exist
LINE 2:                     INSERT INTO dim_date
                                        ^

2026-08-21 00:46:13,030 - ERROR - Error inserting date record: relation "dim_date" does not exist
LINE 2:                     INSERT INTO dim_date
                                        ^

2026-08-21 00:46:13,031 - ERROR - Error inserting date record: relation "dim_date" does not exist
LINE 2:                     INSERT INTO dim_date
                                        ^

2026-08-21 00:46:13,031 - ERROR - Error inserting date record: relation "dim_date" does not exist
LINE 2:                     INSERT INTO dim_date
                                        ^

2026-08-21 00:46:13,031 - ERROR - Error inserting date record: relation "dim_date" does not exist
LINE 2:                     INSERT INTO dim_date
                                        ^

2026-08-21 00:46:13,032 - ERROR - Error inserting date record: relation "dim_date" does not exist
LINE 2:                     INSERT INTO dim_date
                                        ^

2026-08-21 00:46:13,032 - ERROR - Error inserting date record: relation "dim_date" does not exist
LINE 2:                     INSERT INTO dim_date
                                        ^

2026-08-21 00:46:13,033 - ERROR - Error inserting date record: relation "dim_date" does not exist
LINE 2:                     INSERT INTO dim_date
                                        ^

2026-08-21 00:46:13,033 - ERROR - Error inserting date record: relation "dim_date" does not exist
LINE 2:                     INSERT INTO dim_date
                                        ^

2026-08-21 00:46:13,034 - ERROR - Error inserting date record: relation "dim_date" does not exist
LINE 2:                     INSERT INTO dim_date
                                        ^

2026-08-21 00:46:13,034 - ERROR - Error inserting date record: relation "dim_date" does not exist
LINE 2:                     INSERT INTO dim_date
                                        ^

2026-08-21 00:46:13,034 - ERROR - Error inserting date record: relation "dim_date" does not exist
LINE 2:                     INSERT INTO dim_date
                                        ^

2026-08-21 00:46:13,035 - ERROR - Error inserting date record: relation "dim_date" does not exist
LINE 2:                     INSERT INTO dim_date
                                        ^

2026-08-21 00:46:13,035 - ERROR - Error inserting date record: relation "dim_date" does not exist
LINE 2:                     INSERT INTO dim_date
                                        ^

2026-08-21 00:46:13,036 - ERROR - Error inserting date record: relation "dim_date" does not exist
LINE 2:                     INSERT INTO dim_date
                                        ^

2026-08-21 00:46:13,036 - ERROR - Error inserting date record: relation "dim_date" does not exist
LINE 2:                     INSERT INTO dim_date
                                        ^

2026-08-21 00:46:13,037 - ERROR - Error inserting date record: relation "dim_date" does not exist
LINE 2:                     INSERT INTO dim_date
                                        ^

2026-08-21 00:46:13,037 - ERROR - Error inserting date record: relation "dim_date" does not exist
LINE 2:                     INSERT INTO dim_date
                                        ^

2026-08-21 00:46:13,037 - ERROR - Error inserting date record: relation "dim_date" does not exist
LINE 2:                     INSERT INTO dim_date
                                        ^

2026-08-21 00:46:13,038 - ERROR - Error inserting date record: relation "dim_date" does not exist
LINE 2:                     INSERT INTO dim_date
                                        ^

2026-08-21 00:46:13,038 - ERROR - Error inserting date record: relation "dim_date" does not exist
LINE 2:                     INSERT INTO dim_date
                                        ^

2026-08-21 00:46:13,039 - ERROR - Error inserting date record: relation "dim_date" does not exist
LINE 2:                     INSERT INTO dim_date
                                        ^

2026-08-21 00:46:13,039 - ERROR - Error inserting date record: relation "dim_date" does not exist
LINE 2:                     INSERT INTO dim_date
                                        ^

2026-08-21 00:46:13,040 - ERROR - Error inserting date record: relation "dim_date" does not exist
LINE 2:                     INSERT INTO dim_date
                                        ^

2026-08-21 00:46:13,042 - ERROR - Error inserting date record: relation "dim_date" does not exist
LINE 2:                     INSERT INTO dim_date
                                        ^

2026-08-21 00:46:13,042 - ERROR - Error inserting date record: relation "dim_date" does not exist
LINE 2:                     INSERT INTO dim_date
                                        ^

2026-08-21 00:46:13,043 - ERROR - Error inserting date record: relation "dim_date" does not exist
LINE 2:                     INSERT INTO dim_date
                                        ^

2026-08-21 00:46:13,043 - ERROR - Error inserting date record: relation "dim_date" does not exist
LINE 2:                     INSERT INTO dim_date
                                        ^

2026-08-21 00:46:13,043 - ERROR - Error inserting date record: relation "dim_date" does not exist
LINE 2:                     INSERT INTO dim_date
                                        ^

2026-08-21 00:46:13,044 - ERROR - Error inserting date record: relation "dim_date" does not exist
LINE 2:                     INSERT INTO dim_date
                                        ^

2026-08-21 00:46:13,044 - ERROR - Error inserting date record: relation "dim_date" does not exist
LINE 2:                     INSERT INTO dim_date
                                        ^

2026-08-21 00:46:13,045 - ERROR - Error inserting date record: relation "dim_date" does not exist
LINE 2:                     INSERT INTO dim_date
                                        ^

2026-08-21 00:46:13,045 - ERROR - Error inserting date record: relation "dim_date" does not exist
LINE 2:                     INSERT INTO dim_date
                                        ^

2026-08-21 00:46:13,045 - ERROR - Error inserting date record: relation "dim_date" does not exist
LINE 2:                     INSERT INTO dim_date
                                        ^

2026-08-21 00:46:13,046 - ERROR - Error inserting date record: relation "dim_date" does not exist
LINE 2:                     INSERT INTO dim_date
                                        ^

2026-08-21 00:46:13,046 - ERROR - Error inserting date record: relation "dim_date" does not exist
LINE 2:                     INSERT INTO dim_date
                                        ^

2026-08-21 00:46:13,047 - ERROR - Error inserting date record: relation "dim_date" does not exist
LINE 2:                     INSERT INTO dim_date
                                        ^

2026-08-21 00:46:13,047 - ERROR - Error inserting date record: relation "dim_date" does not exist
LINE 2:                     INSERT INTO dim_date
                                        ^

2026-08-21 00:46:13,047 - ERROR - Error inserting date record: relation "dim_date" does not exist
LINE 2:                     INSERT INTO dim_date
                                        ^

2026-08-21 00:46:13,048 - ERROR - Error inserting date record: relation "dim_date" does not exist
LINE 2:                     INSERT INTO dim_date
                                        ^

2026-08-21 00:46:13,048 - ERROR - Error inserting date record: relation "dim_date" does not exist
LINE 2:                     INSERT INTO dim_date
                                        ^

2026-08-21 00:46:13,049 - ERROR - Error inserting date record: relation "dim_date" does not exist
LINE 2:                     INSERT INTO dim_date
                                        ^

2026-08-21 00:46:13,049 - ERROR - Error inserting date record: relation "dim_date" does not exist
LINE 2:                     INSERT INTO dim_date
                                        ^

2026-08-21 00:46:13,050 - ERROR - Error inserting date record: relation "dim_date" does not exist
LINE 2:                     INSERT INTO dim_date
                                        ^

2026-08-21 00:46:13,050 - ERROR - Error inserting date record: relation "dim_date" does not exist
LINE 2:                     INSERT INTO dim_date
                                        ^

2026-08-21 00:46:13,050 - ERROR - Error inserting date record: relation "dim_date" does not exist
LINE 2:                     INSERT INTO dim_date
                                        ^

2026-08-21 00:46:13,051 - ERROR - Error inserting date record: relation "dim_date" does not exist
LINE 2:                     INSERT INTO dim_date
                                        ^

2026-08-21 00:46:13,051 - ERROR - Error inserting date record: relation "dim_date" does not exist
LINE 2:                     INSERT INTO dim_date
                                        ^

2026-08-21 00:46:13,052 - ERROR - Error inserting date record: relation "dim_date" does not exist
LINE 2:                     INSERT INTO dim_date
                                        ^

2026-08-21 00:46:13,052 - ERROR - Error inserting date record: relation "dim_date" does not exist
LINE 2:                     INSERT INTO dim_date
                                        ^

2026-08-21 00:46:13,052 - ERROR - Error inserting date record: relation "dim_date" does not exist
LINE 2:                     INSERT INTO dim_date
                                        ^

2026-08-21 00:46:13,053 - ERROR - Error inserting date record: relation "dim_date" does not exist
LINE 2:                     INSERT INTO dim_date
                                        ^

2026-08-21 00:46:13,053 - ERROR - Error inserting date record: relation "dim_date" does not exist
LINE 2:                     INSERT INTO dim_date
                                        ^

2026-08-21 00:46:13,054 - ERROR - Error inserting date record: relation "dim_date" does not exist
LINE 2:                     INSERT INTO dim_date
                                        ^

2026-08-21 00:46:13,054 - ERROR - Error inserting date record: relation "dim_date" does not exist
LINE 2:                     INSERT INTO dim_date
                                        ^

2026-08-21 00:46:13,055 - ERROR - Error inserting date record: relation "dim_date" does not exist
LINE 2:                     INSERT INTO dim_date
                                        ^

2026-08-21 00:46:13,055 - ERROR - Error inserting date record: relation "dim_date" does not exist
LINE 2:                     INSERT INTO dim_date
                                        ^

2026-08-21 00:46:13,055 - ERROR - Error inserting date record: relation "dim_date" does not exist
LINE 2:                     INSERT INTO dim_date
                                        ^

2026-08-21 00:46:13,058 - ERROR - Error inserting date record: relation "dim_date" does not exist
LINE 2:                     INSERT INTO dim_date
                                        ^

2026-08-21 00:46:13,061 - ERROR - Error inserting date record: relation "dim_date" does not exist
LINE 2:                     INSERT INTO dim_date
                                        ^

2026-08-21 00:46:13,062 - ERROR - Error inserting date record: relation "dim_date" does not exist
LINE 2:                     INSERT INTO dim_date
                                        ^

2026-08-21 00:46:13,062 - ERROR - Error inserting date record: relation "dim_date" does not exist
LINE 2:                     INSERT INTO dim_date
                                        ^

2026-08-21 00:46:13,063 - ERROR - Error inserting date record: relation "dim_date" does not exist
LINE 2:                     INSERT INTO dim_date
                                        ^

2026-08-21 00:46:13,063 - ERROR - Error inserting date record: relation "dim_date" does not exist
LINE 2:                     INSERT INTO dim_date
                                        ^

2026-08-21 00:46:13,064 - ERROR - Error inserting date record: relation "dim_date" does not exist
LINE 2:                     INSERT INTO dim_date
                                        ^

2026-08-21 00:46:13,064 - ERROR - Error inserting date record: relation "dim_date" does not exist
LINE 2:                     INSERT INTO dim_date
                                        ^

2026-08-21 00:46:13,064 - ERROR - Error inserting date record: relation "dim_date" does not exist
LINE 2:                     INSERT INTO dim_date
                                        ^

2026-08-21 00:46:13,065 - ERROR - Error inserting date record: relation "dim_date" does not exist
LINE 2:                     INSERT INTO dim_date
                                        ^

2026-08-21 00:46:13,065 - ERROR - Error inserting date record: relation "dim_date" does not exist
LINE 2:                     INSERT INTO dim_date
                                        ^

2026-08-21 00:46:13,066 - ERROR - Error inserting date record: relation "dim_date" does not exist
LINE 2:                     INSERT INTO dim_date
                                        ^

2026-08-21 00:46:13,066 - ERROR - Error inserting date record: relation "dim_date" does not exist
LINE 2:                     INSERT INTO dim_date
                                        ^

2026-08-21 00:46:13,067 - ERROR - Error inserting date record: relation "dim_date" does not exist
LINE 2:                     INSERT INTO dim_date
                                        ^

2026-08-21 00:46:13,067 - ERROR - Error inserting date record: relation "dim_date" does not exist
LINE 2:                     INSERT INTO dim_date
                                        ^

2026-08-21 00:46:13,067 - ERROR - Error inserting date record: relation "dim_date" does not exist
LINE 2:                     INSERT INTO dim_date
                                        ^

2026-08-21 00:46:13,068 - ERROR - Error inserting date record: relation "dim_date" does not exist
LINE 2:                     INSERT INTO dim_date
                                        ^

2026-08-21 00:46:13,068 - ERROR - Error inserting date record: relation "dim_date" does not exist
LINE 2:                     INSERT INTO dim_date
                                        ^

2026-08-21 00:46:13,069 - ERROR - Error inserting date record: relation "dim_date" does not exist
LINE 2:                     INSERT INTO dim_date
                                        ^

2026-08-21 00:46:13,069 - ERROR - Error inserting date record: relation "dim_date" does not exist
LINE 2:                     INSERT INTO dim_date
                                        ^

2026-08-21 00:46:13,069 - ERROR - Error inserting date record: relation "dim_date" does not exist
LINE 2:                     INSERT INTO dim_date
                                        ^

2026-08-21 00:46:13,070 - ERROR - Error inserting date record: relation "dim_date" does not exist
LINE 2:                     INSERT INTO dim_date
                                        ^

2026-08-21 00:46:13,070 - ERROR - Error inserting date record: relation "dim_date" does not exist
LINE 2:                     INSERT INTO dim_date
                                        ^

2026-08-21 00:46:13,071 - ERROR - Error inserting date record: relation "dim_date" does not exist
LINE 2:                     INSERT INTO dim_date
                                        ^

2026-08-21 00:46:13,071 - ERROR - Error inserting date record: relation "dim_date" does not exist
LINE 2:                     INSERT INTO dim_date
                                        ^

2026-08-21 00:46:13,071 - ERROR - Error inserting date record: relation "dim_date" does not exist
LINE 2:                     INSERT INTO dim_date
                                        ^

2026-08-21 00:46:13,074 - ERROR - Error inserting date record: relation "dim_date" does not exist
LINE 2:                     INSERT INTO dim_date
                                        ^

2026-08-21 00:46:13,074 - ERROR - Error inserting date record: relation "dim_date" does not exist
LINE 2:                     INSERT INTO dim_date
                                        ^

2026-08-21 00:46:13,074 - ERROR - Error inserting date record: relation "dim_date" does not exist
LINE 2:                     INSERT INTO dim_date
                                        ^

2026-08-21 00:46:13,075 - ERROR - Error inserting date record: relation "dim_date" does not exist
LINE 2:                     INSERT INTO dim_date
                                        ^

2026-08-21 00:46:13,075 - ERROR - Error inserting date record: relation "dim_date" does not exist
LINE 2:                     INSERT INTO dim_date
                                        ^

2026-08-21 00:46:13,076 - ERROR - Error inserting date record: relation "dim_date" does not exist
LINE 2:                     INSERT INTO dim_date
                                        ^

2026-08-21 00:46:13,076 - ERROR - Error inserting date record: relation "dim_date" does not exist
LINE 2:                     INSERT INTO dim_date
                                        ^

2026-08-21 00:46:13,077 - ERROR - Error inserting date record: relation "dim_date" does not exist
LINE 2:                     INSERT INTO dim_date
                                        ^

2026-08-21 00:46:13,077 - ERROR - Error inserting date record: relation "dim_date" does not exist
LINE 2:                     INSERT INTO dim_date
                                        ^

2026-08-21 00:46:13,077 - ERROR - Error inserting date record: relation "dim_date" does not exist
LINE 2:                     INSERT INTO dim_date
                                        ^

2026-08-21 00:46:13,078 - ERROR - Error inserting date record: relation "dim_date" does not exist
LINE 2:                     INSERT INTO dim_date
                                        ^

2026-08-21 00:46:13,078 - ERROR - Error inserting date record: relation "dim_date" does not exist
LINE 2:                     INSERT INTO dim_date
                                        ^

2026-08-21 00:46:13,079 - ERROR - Error inserting date record: relation "dim_date" does not exist
LINE 2:                     INSERT INTO dim_date
                                        ^

2026-08-21 00:46:13,079 - ERROR - Error inserting date record: relation "dim_date" does not exist
LINE 2:                     INSERT INTO dim_date
                                        ^

2026-08-21 00:46:13,079 - ERROR - Error inserting date record: relation "dim_date" does not exist
LINE 2:                     INSERT INTO dim_date
                                        ^

2026-08-21 00:46:13,080 - ERROR - Error inserting date record: relation "dim_date" does not exist
LINE 2:                     INSERT INTO dim_date
                                        ^

2026-08-21 00:46:13,080 - ERROR - Error inserting date record: relation "dim_date" does not exist
LINE 2:                     INSERT INTO dim_date
                                        ^

2026-08-21 00:46:13,081 - ERROR - Error inserting date record: relation "dim_date" does not exist
LINE 2:                     INSERT INTO dim_date
                                        ^

2026-08-21 00:46:13,081 - ERROR - Error inserting date record: relation "dim_date" does not exist
LINE 2:                     INSERT INTO dim_date
                                        ^

2026-08-21 00:46:13,082 - ERROR - Error inserting date record: relation "dim_date" does not exist
LINE 2:                     INSERT INTO dim_date
                                        ^

2026-08-21 00:46:13,082 - ERROR - Error inserting date record: relation "dim_date" does not exist
LINE 2:                     INSERT INTO dim_date
                                        ^

2026-08-21 00:46:13,083 - ERROR - Error inserting date record: relation "dim_date" does not exist
LINE 2:                     INSERT INTO dim_date
                                        ^

2026-08-21 00:46:13,083 - ERROR - Error inserting date record: relation "dim_date" does not exist
LINE 2:                     INSERT INTO dim_date
                                        ^

2026-08-21 00:46:13,084 - ERROR - Error inserting date record: relation "dim_date" does not exist
LINE 2:                     INSERT INTO dim_date
                                        ^

2026-08-21 00:46:13,084 - ERROR - Error inserting date record: relation "dim_date" does not exist
LINE 2:                     INSERT INTO dim_date
                                        ^

2026-08-21 00:46:13,084 - ERROR - Error inserting date record: relation "dim_date" does not exist
LINE 2:                     INSERT INTO dim_date
                                        ^

2026-08-21 00:46:13,085 - ERROR - Error inserting date record: relation "dim_date" does not exist
LINE 2:                     INSERT INTO dim_date
                                        ^

2026-08-21 00:46:13,085 - ERROR - Error inserting date record: relation "dim_date" does not exist
LINE 2:                     INSERT INTO dim_date
                                        ^

2026-08-21 00:46:13,086 - ERROR - Error inserting date record: relation "dim_date" does not exist
LINE 2:                     INSERT INTO dim_date
                                        ^

2026-08-21 00:46:13,086 - ERROR - Error inserting date record: relation "dim_date" does not exist
LINE 2:                     INSERT INTO dim_date
                                        ^

2026-08-21 00:46:13,086 - ERROR - Error inserting date record: relation "dim_date" does not exist
LINE 2:                     INSERT INTO dim_date
                                        ^

2026-08-21 00:46:13,087 - ERROR - Error inserting date record: relation "dim_date" does not exist
LINE 2:                     INSERT INTO dim_date
                                        ^

2026-08-21 00:46:13,089 - ERROR - Error inserting date record: relation "dim_date" does not exist
LINE 2:                     INSERT INTO dim_date
                                        ^

2026-08-21 00:46:13,089 - ERROR - Error inserting date record: relation "dim_date" does not exist
LINE 2:                     INSERT INTO dim_date
                                        ^

2026-08-21 00:46:13,090 - ERROR - Error inserting date record: relation "dim_date" does not exist
LINE 2:                     INSERT INTO dim_date
                                        ^

2026-08-21 00:46:13,090 - ERROR - Error inserting date record: relation "dim_date" does not exist
LINE 2:                     INSERT INTO dim_date
                                        ^

2026-08-21 00:46:13,091 - ERROR - Error inserting date record: relation "dim_date" does not exist
LINE 2:                     INSERT INTO dim_date
                                        ^

2026-08-21 00:46:13,091 - ERROR - Error inserting date record: relation "dim_date" does not exist
LINE 2:                     INSERT INTO dim_date
                                        ^

2026-08-21 00:46:13,092 - ERROR - Error inserting date record: relation "dim_date" does not exist
LINE 2:                     INSERT INTO dim_date
                                        ^

2026-08-21 00:46:13,092 - ERROR - Error inserting date record: relation "dim_date" does not exist
LINE 2:                     INSERT INTO dim_date
                                        ^

2026-08-21 00:46:13,092 - ERROR - Error inserting date record: relation "dim_date" does not exist
LINE 2:                     INSERT INTO dim_date
                                        ^

2026-08-21 00:46:13,093 - ERROR - Error inserting date record: relation "dim_date" does not exist
LINE 2:                     INSERT INTO dim_date
                                        ^

2026-08-21 00:46:13,093 - ERROR - Error inserting date record: relation "dim_date" does not exist
LINE 2:                     INSERT INTO dim_date
                                        ^

2026-08-21 00:46:13,094 - ERROR - Error inserting date record: relation "dim_date" does not exist
LINE 2:                     INSERT INTO dim_date
                                        ^

2026-08-21 00:46:13,094 - ERROR - Error inserting date record: relation "dim_date" does not exist
LINE 2:                     INSERT INTO dim_date
                                        ^

2026-08-21 00:46:13,094 - ERROR - Error inserting date record: relation "dim_date" does not exist
LINE 2:                     INSERT INTO dim_date
                                        ^

2026-08-21 00:46:13,095 - ERROR - Error inserting date record: relation "dim_date" does not exist
LINE 2:                     INSERT INTO dim_date
                                        ^

2026-08-21 00:46:13,095 - ERROR - Error inserting date record: relation "dim_date" does not exist
LINE 2:                     INSERT INTO dim_date
                                        ^

2026-08-21 00:46:13,096 - ERROR - Error inserting date record: relation "dim_date" does not exist
LINE 2:                     INSERT INTO dim_date
                                        ^

2026-08-21 00:46:13,096 - ERROR - Error inserting date record: relation "dim_date" does not exist
LINE 2:                     INSERT INTO dim_date
                                        ^

2026-08-21 00:46:13,097 - ERROR - Error inserting date record: relation "dim_date" does not exist
LINE 2:                     INSERT INTO dim_date
                                        ^

2026-08-21 00:46:13,097 - ERROR - Error inserting date record: relation "dim_date" does not exist
LINE 2:                     INSERT INTO dim_date
                                        ^

2026-08-21 00:46:13,097 - ERROR - Error inserting date record: relation "dim_date" does not exist
LINE 2:                     INSERT INTO dim_date
                                        ^

2026-08-21 00:46:13,098 - ERROR - Error inserting date record: relation "dim_date" does not exist
LINE 2:                     INSERT INTO dim_date
                                        ^

2026-08-21 00:46:13,098 - ERROR - Error inserting date record: relation "dim_date" does not exist
LINE 2:                     INSERT INTO dim_date
                                        ^

2026-08-21 00:46:13,099 - ERROR - Error inserting date record: relation "dim_date" does not exist
LINE 2:                     INSERT INTO dim_date
                                        ^

2026-08-21 00:46:13,099 - ERROR - Error inserting date record: relation "dim_date" does not exist
LINE 2:                     INSERT INTO dim_date
                                        ^

2026-08-21 00:46:13,099 - ERROR - Error inserting date record: relation "dim_date" does not exist
LINE 2:                     INSERT INTO dim_date
                                        ^

2026-08-21 00:46:13,100 - ERROR - Error inserting date record: relation "dim_date" does not exist
LINE 2:                     INSERT INTO dim_date
                                        ^

2026-08-21 00:46:13,100 - ERROR - Error inserting date record: relation "dim_date" does not exist
LINE 2:                     INSERT INTO dim_date
                                        ^

2026-08-21 00:46:13,101 - ERROR - Error inserting date record: relation "dim_date" does not exist
LINE 2:                     INSERT INTO dim_date
                                        ^

2026-08-21 00:46:13,101 - ERROR - Error inserting date record: relation "dim_date" does not exist
LINE 2:                     INSERT INTO dim_date
                                        ^

2026-08-21 00:46:13,102 - ERROR - Error inserting date record: relation "dim_date" does not exist
LINE 2:                     INSERT INTO dim_date
                                        ^

2026-08-21 00:46:13,102 - ERROR - Error inserting date record: relation "dim_date" does not exist
LINE 2:                     INSERT INTO dim_date
                                        ^

2026-08-21 00:46:13,102 - ERROR - Error inserting date record: relation "dim_date" does not exist
LINE 2:                     INSERT INTO dim_date
                                        ^

2026-08-21 00:46:13,104 - ERROR - Error inserting date record: relation "dim_date" does not exist
LINE 2:                     INSERT INTO dim_date
                                        ^

2026-08-21 00:46:13,105 - ERROR - Error inserting date record: relation "dim_date" does not exist
LINE 2:                     INSERT INTO dim_date
                                        ^

2026-08-21 00:46:13,105 - ERROR - Error inserting date record: relation "dim_date" does not exist
LINE 2:                     INSERT INTO dim_date
                                        ^

2026-08-21 00:46:13,106 - ERROR - Error inserting date record: relation "dim_date" does not exist
LINE 2:                     INSERT INTO dim_date
                                        ^

2026-08-21 00:46:13,106 - ERROR - Error inserting date record: relation "dim_date" does not exist
LINE 2:                     INSERT INTO dim_date
                                        ^

2026-08-21 00:46:13,107 - ERROR - Error inserting date record: relation "dim_date" does not exist
LINE 2:                     INSERT INTO dim_date
                                        ^

2026-08-21 00:46:13,107 - ERROR - Error inserting date record: relation "dim_date" does not exist
LINE 2:                     INSERT INTO dim_date
                                        ^

2026-08-21 00:46:13,107 - ERROR - Error inserting date record: relation "dim_date" does not exist
LINE 2:                     INSERT INTO dim_date
                                        ^

2026-08-21 00:46:13,108 - ERROR - Error inserting date record: relation "dim_date" does not exist
LINE 2:                     INSERT INTO dim_date
                                        ^

2026-08-21 00:46:13,108 - ERROR - Error inserting date record: relation "dim_date" does not exist
LINE 2:                     INSERT INTO dim_date
                                        ^

2026-08-21 00:46:13,109 - ERROR - Error inserting date record: relation "dim_date" does not exist
LINE 2:                     INSERT INTO dim_date
                                        ^

2026-08-21 00:46:13,109 - ERROR - Error inserting date record: relation "dim_date" does not exist
LINE 2:                     INSERT INTO dim_date
                                        ^

2026-08-21 00:46:13,109 - ERROR - Error inserting date record: relation "dim_date" does not exist
LINE 2:                     INSERT INTO dim_date
                                        ^

2026-08-21 00:46:13,110 - ERROR - Error inserting date record: relation "dim_date" does not exist
LINE 2:                     INSERT INTO dim_date
                                        ^

2026-08-21 00:46:13,110 - ERROR - Error inserting date record: relation "dim_date" does not exist
LINE 2:                     INSERT INTO dim_date
                                        ^

2026-08-21 00:46:13,111 - ERROR - Error inserting date record: relation "dim_date" does not exist
LINE 2:                     INSERT INTO dim_date
                                        ^

2026-08-21 00:46:13,111 - ERROR - Error inserting date record: relation "dim_date" does not exist
LINE 2:                     INSERT INTO dim_date
                                        ^

2026-08-21 00:46:13,111 - ERROR - Error inserting date record: relation "dim_date" does not exist
LINE 2:                     INSERT INTO dim_date
                                        ^

2026-08-21 00:46:13,112 - ERROR - Error inserting date record: relation "dim_date" does not exist
LINE 2:                     INSERT INTO dim_date
                                        ^

2026-08-21 00:46:13,112 - ERROR - Error inserting date record: relation "dim_date" does not exist
LINE 2:                     INSERT INTO dim_date
                                        ^

2026-08-21 00:46:13,113 - ERROR - Error inserting date record: relation "dim_date" does not exist
LINE 2:                     INSERT INTO dim_date
                                        ^

2026-08-21 00:46:13,113 - ERROR - Error inserting date record: relation "dim_date" does not exist
LINE 2:                     INSERT INTO dim_date
                                        ^

2026-08-21 00:46:13,114 - ERROR - Error inserting date record: relation "dim_date" does not exist
LINE 2:                     INSERT INTO dim_date
                                        ^

2026-08-21 00:46:13,114 - ERROR - Error inserting date record: relation "dim_date" does not exist
LINE 2:                     INSERT INTO dim_date
                                        ^

2026-08-21 00:46:13,114 - ERROR - Error inserting date record: relation "dim_date" does not exist
LINE 2:                     INSERT INTO dim_date
                                        ^

2026-08-21 00:46:13,115 - ERROR - Error inserting date record: relation "dim_date" does not exist
LINE 2:                     INSERT INTO dim_date
                                        ^

2026-08-21 00:46:13,115 - ERROR - Error inserting date record: relation "dim_date" does not exist
LINE 2:                     INSERT INTO dim_date
                                        ^

2026-08-21 00:46:13,116 - ERROR - Error inserting date record: relation "dim_date" does not exist
LINE 2:                     INSERT INTO dim_date
                                        ^

2026-08-21 00:46:13,116 - ERROR - Error inserting date record: relation "dim_date" does not exist
LINE 2:                     INSERT INTO dim_date
                                        ^

2026-08-21 00:46:13,116 - ERROR - Error inserting date record: relation "dim_date" does not exist
LINE 2:                     INSERT INTO dim_date
                                        ^

2026-08-21 00:46:13,117 - ERROR - Error inserting date record: relation "dim_date" does not exist
LINE 2:                     INSERT INTO dim_date
                                        ^

2026-08-21 00:46:13,117 - ERROR - Error inserting date record: relation "dim_date" does not exist
LINE 2:                     INSERT INTO dim_date
                                        ^

2026-08-21 00:46:13,118 - ERROR - Error inserting date record: relation "dim_date" does not exist
LINE 2:                     INSERT INTO dim_date
                                        ^

2026-08-21 00:46:13,118 - ERROR - Error inserting date record: relation "dim_date" does not exist
LINE 2:                     INSERT INTO dim_date
                                        ^

2026-08-21 00:46:13,119 - ERROR - Error inserting date record: relation "dim_date" does not exist
LINE 2:                     INSERT INTO dim_date
                                        ^

2026-08-21 00:46:13,121 - ERROR - Error inserting date record: relation "dim_date" does not exist
LINE 2:                     INSERT INTO dim_date
                                        ^

2026-08-21 00:46:13,121 - ERROR - Error inserting date record: relation "dim_date" does not exist
LINE 2:                     INSERT INTO dim_date
                                        ^

2026-08-21 00:46:13,121 - ERROR - Error inserting date record: relation "dim_date" does not exist
LINE 2:                     INSERT INTO dim_date
                                        ^

2026-08-21 00:46:13,122 - ERROR - Error inserting date record: relation "dim_date" does not exist
LINE 2:                     INSERT INTO dim_date
                                        ^

2026-08-21 00:46:13,122 - ERROR - Error inserting date record: relation "dim_date" does not exist
LINE 2:                     INSERT INTO dim_date
                                        ^

2026-08-21 00:46:13,123 - ERROR - Error inserting date record: relation "dim_date" does not exist
LINE 2:                     INSERT INTO dim_date
                                        ^

2026-08-21 00:46:13,123 - ERROR - Error inserting date record: relation "dim_date" does not exist
LINE 2:                     INSERT INTO dim_date
                                        ^

2026-08-21 00:46:13,124 - ERROR - Error inserting date record: relation "dim_date" does not exist
LINE 2:                     INSERT INTO dim_date
                                        ^

2026-08-21 00:46:13,124 - ERROR - Error inserting date record: relation "dim_date" does not exist
LINE 2:                     INSERT INTO dim_date
                                        ^

2026-08-21 00:46:13,124 - ERROR - Error inserting date record: relation "dim_date" does not exist
LINE 2:                     INSERT INTO dim_date
                                        ^

2026-08-21 00:46:13,125 - ERROR - Error inserting date record: relation "dim_date" does not exist
LINE 2:                     INSERT INTO dim_date
                                        ^

2026-08-21 00:46:13,125 - ERROR - Error inserting date record: relation "dim_date" does not exist
LINE 2:                     INSERT INTO dim_date
                                        ^

2026-08-21 00:46:13,126 - ERROR - Error inserting date record: relation "dim_date" does not exist
LINE 2:                     INSERT INTO dim_date
                                        ^

2026-08-21 00:46:13,126 - ERROR - Error inserting date record: relation "dim_date" does not exist
LINE 2:                     INSERT INTO dim_date
                                        ^

2026-08-21 00:46:13,127 - ERROR - Error inserting date record: relation "dim_date" does not exist
LINE 2:                     INSERT INTO dim_date
                                        ^

2026-08-21 00:46:13,127 - ERROR - Error inserting date record: relation "dim_date" does not exist
LINE 2:                     INSERT INTO dim_date
                                        ^

2026-08-21 00:46:13,127 - ERROR - Error inserting date record: relation "dim_date" does not exist
LINE 2:                     INSERT INTO dim_date
                                        ^

2026-08-21 00:46:13,128 - ERROR - Error inserting date record: relation "dim_date" does not exist
LINE 2:                     INSERT INTO dim_date
                                        ^

2026-08-21 00:46:13,128 - ERROR - Error inserting date record: relation "dim_date" does not exist
LINE 2:                     INSERT INTO dim_date
                                        ^

2026-08-21 00:46:13,129 - ERROR - Error inserting date record: relation "dim_date" does not exist
LINE 2:                     INSERT INTO dim_date
                                        ^

2026-08-21 00:46:13,129 - ERROR - Error inserting date record: relation "dim_date" does not exist
LINE 2:                     INSERT INTO dim_date
                                        ^

2026-08-21 00:46:13,130 - ERROR - Error inserting date record: relation "dim_date" does not exist
LINE 2:                     INSERT INTO dim_date
                                        ^

2026-08-21 00:46:13,130 - ERROR - Error inserting date record: relation "dim_date" does not exist
LINE 2:                     INSERT INTO dim_date
                                        ^

2026-08-21 00:46:13,131 - ERROR - Error inserting date record: relation "dim_date" does not exist
LINE 2:                     INSERT INTO dim_date
                                        ^

2026-08-21 00:46:13,131 - ERROR - Error inserting date record: relation "dim_date" does not exist
LINE 2:                     INSERT INTO dim_date
                                        ^

2026-08-21 00:46:13,131 - ERROR - Error inserting date record: relation "dim_date" does not exist
LINE 2:                     INSERT INTO dim_date
                                        ^

2026-08-21 00:46:13,132 - ERROR - Error inserting date record: relation "dim_date" does not exist
LINE 2:                     INSERT INTO dim_date
                                        ^

2026-08-21 00:46:13,132 - ERROR - Error inserting date record: relation "dim_date" does not exist
LINE 2:                     INSERT INTO dim_date
                                        ^

2026-08-21 00:46:13,133 - ERROR - Error inserting date record: relation "dim_date" does not exist
LINE 2:                     INSERT INTO dim_date
                                        ^

2026-08-21 00:46:13,133 - ERROR - Error inserting date record: relation "dim_date" does not exist
LINE 2:                     INSERT INTO dim_date
                                        ^

2026-08-21 00:46:13,134 - ERROR - Error inserting date record: relation "dim_date" does not exist
LINE 2:                     INSERT INTO dim_date
                                        ^

2026-08-21 00:46:13,134 - ERROR - Error inserting date record: relation "dim_date" does not exist
LINE 2:                     INSERT INTO dim_date
                                        ^

2026-08-21 00:46:13,134 - ERROR - Error inserting date record: relation "dim_date" does not exist
LINE 2:                     INSERT INTO dim_date
                                        ^

2026-08-21 00:46:13,135 - ERROR - Error inserting date record: relation "dim_date" does not exist
LINE 2:                     INSERT INTO dim_date
                                        ^

2026-08-21 00:46:13,137 - ERROR - Error inserting date record: relation "dim_date" does not exist
LINE 2:                     INSERT INTO dim_date
                                        ^

2026-08-21 00:46:13,137 - ERROR - Error inserting date record: relation "dim_date" does not exist
LINE 2:                     INSERT INTO dim_date
                                        ^

2026-08-21 00:46:13,138 - ERROR - Error inserting date record: relation "dim_date" does not exist
LINE 2:                     INSERT INTO dim_date
                                        ^

2026-08-21 00:46:13,138 - ERROR - Error inserting date record: relation "dim_date" does not exist
LINE 2:                     INSERT INTO dim_date
                                        ^

2026-08-21 00:46:13,139 - ERROR - Error inserting date record: relation "dim_date" does not exist
LINE 2:                     INSERT INTO dim_date
                                        ^

2026-08-21 00:46:13,139 - ERROR - Error inserting date record: relation "dim_date" does not exist
LINE 2:                     INSERT INTO dim_date
                                        ^

2026-08-21 00:46:13,140 - ERROR - Error inserting date record: relation "dim_date" does not exist
LINE 2:                     INSERT INTO dim_date
                                        ^

2026-08-21 00:46:13,140 - ERROR - Error inserting date record: relation "dim_date" does not exist
LINE 2:                     INSERT INTO dim_date
                                        ^

2026-08-21 00:46:13,140 - ERROR - Error inserting date record: relation "dim_date" does not exist
LINE 2:                     INSERT INTO dim_date
                                        ^

2026-08-21 00:46:13,141 - ERROR - Error inserting date record: relation "dim_date" does not exist
LINE 2:                     INSERT INTO dim_date
                                        ^

2026-08-21 00:46:13,141 - ERROR - Error inserting date record: relation "dim_date" does not exist
LINE 2:                     INSERT INTO dim_date
                                        ^

2026-08-21 00:46:13,142 - ERROR - Error inserting date record: relation "dim_date" does not exist
LINE 2:                     INSERT INTO dim_date
                                        ^

2026-08-21 00:46:13,142 - ERROR - Error inserting date record: relation "dim_date" does not exist
LINE 2:                     INSERT INTO dim_date
                                        ^

2026-08-21 00:46:13,142 - ERROR - Error inserting date record: relation "dim_date" does not exist
LINE 2:                     INSERT INTO dim_date
                                        ^

2026-08-21 00:46:13,143 - ERROR - Error inserting date record: relation "dim_date" does not exist
LINE 2:                     INSERT INTO dim_date
                                        ^

2026-08-21 00:46:13,143 - ERROR - Error inserting date record: relation "dim_date" does not exist
LINE 2:                     INSERT INTO dim_date
                                        ^

2026-08-21 00:46:13,144 - ERROR - Error inserting date record: relation "dim_date" does not exist
LINE 2:                     INSERT INTO dim_date
                                        ^

2026-08-21 00:46:13,144 - ERROR - Error inserting date record: relation "dim_date" does not exist
LINE 2:                     INSERT INTO dim_date
                                        ^

2026-08-21 00:46:13,144 - ERROR - Error inserting date record: relation "dim_date" does not exist
LINE 2:                     INSERT INTO dim_date
                                        ^

2026-08-21 00:46:13,145 - ERROR - Error inserting date record: relation "dim_date" does not exist
LINE 2:                     INSERT INTO dim_date
                                        ^

2026-08-21 00:46:13,145 - ERROR - Error inserting date record: relation "dim_date" does not exist
LINE 2:                     INSERT INTO dim_date
                                        ^

2026-08-21 00:46:13,146 - ERROR - Error inserting date record: relation "dim_date" does not exist
LINE 2:                     INSERT INTO dim_date
                                        ^

2026-08-21 00:46:13,146 - ERROR - Error inserting date record: relation "dim_date" does not exist
LINE 2:                     INSERT INTO dim_date
                                        ^

2026-08-21 00:46:13,147 - ERROR - Error inserting date record: relation "dim_date" does not exist
LINE 2:                     INSERT INTO dim_date
                                        ^

2026-08-21 00:46:13,147 - ERROR - Error inserting date record: relation "dim_date" does not exist
LINE 2:                     INSERT INTO dim_date
                                        ^

2026-08-21 00:46:13,147 - ERROR - Error inserting date record: relation "dim_date" does not exist
LINE 2:                     INSERT INTO dim_date
                                        ^

2026-08-21 00:46:13,148 - ERROR - Error inserting date record: relation "dim_date" does not exist
LINE 2:                     INSERT INTO dim_date
                                        ^

2026-08-21 00:46:13,148 - ERROR - Error inserting date record: relation "dim_date" does not exist
LINE 2:                     INSERT INTO dim_date
                                        ^

2026-08-21 00:46:13,149 - ERROR - Error inserting date record: relation "dim_date" does not exist
LINE 2:                     INSERT INTO dim_date
                                        ^

2026-08-21 00:46:13,149 - ERROR - Error inserting date record: relation "dim_date" does not exist
LINE 2:                     INSERT INTO dim_date
                                        ^

2026-08-21 00:46:13,149 - ERROR - Error inserting date record: relation "dim_date" does not exist
LINE 2:                     INSERT INTO dim_date
                                        ^

2026-08-21 00:46:13,150 - ERROR - Error inserting date record: relation "dim_date" does not exist
LINE 2:                     INSERT INTO dim_date
                                        ^

2026-08-21 00:46:13,150 - ERROR - Error inserting date record: relation "dim_date" does not exist
LINE 2:                     INSERT INTO dim_date
                                        ^

2026-08-21 00:46:13,151 - ERROR - Error inserting date record: relation "dim_date" does not exist
LINE 2:                     INSERT INTO dim_date
                                        ^

2026-08-21 00:46:13,153 - ERROR - Error inserting date record: relation "dim_date" does not exist
LINE 2:                     INSERT INTO dim_date
                                        ^

2026-08-21 00:46:13,154 - ERROR - Error inserting date record: relation "dim_date" does not exist
LINE 2:                     INSERT INTO dim_date
                                        ^

2026-08-21 00:46:13,154 - ERROR - Error inserting date record: relation "dim_date" does not exist
LINE 2:                     INSERT INTO dim_date
                                        ^

2026-08-21 00:46:13,154 - ERROR - Error inserting date record: relation "dim_date" does not exist
LINE 2:                     INSERT INTO dim_date
                                        ^

2026-08-21 00:46:13,155 - ERROR - Error inserting date record: relation "dim_date" does not exist
LINE 2:                     INSERT INTO dim_date
                                        ^

2026-08-21 00:46:13,155 - ERROR - Error inserting date record: relation "dim_date" does not exist
LINE 2:                     INSERT INTO dim_date
                                        ^

2026-08-21 00:46:13,156 - ERROR - Error inserting date record: relation "dim_date" does not exist
LINE 2:                     INSERT INTO dim_date
                                        ^

2026-08-21 00:46:13,156 - ERROR - Error inserting date record: relation "dim_date" does not exist
LINE 2:                     INSERT INTO dim_date
                                        ^

2026-08-21 00:46:13,157 - ERROR - Error inserting date record: relation "dim_date" does not exist
LINE 2:                     INSERT INTO dim_date
                                        ^

2026-08-21 00:46:13,157 - ERROR - Error inserting date record: relation "dim_date" does not exist
LINE 2:                     INSERT INTO dim_date
                                        ^

2026-08-21 00:46:13,158 - ERROR - Error inserting date record: relation "dim_date" does not exist
LINE 2:                     INSERT INTO dim_date
                                        ^

2026-08-21 00:46:13,158 - ERROR - Error inserting date record: relation "dim_date" does not exist
LINE 2:                     INSERT INTO dim_date
                                        ^

2026-08-21 00:46:13,158 - ERROR - Error inserting date record: relation "dim_date" does not exist
LINE 2:                     INSERT INTO dim_date
                                        ^

2026-08-21 00:46:13,159 - ERROR - Error inserting date record: relation "dim_date" does not exist
LINE 2:                     INSERT INTO dim_date
                                        ^

2026-08-21 00:46:13,159 - ERROR - Error inserting date record: relation "dim_date" does not exist
LINE 2:                     INSERT INTO dim_date
                                        ^

2026-08-21 00:46:13,160 - ERROR - Error inserting date record: relation "dim_date" does not exist
LINE 2:                     INSERT INTO dim_date
                                        ^

2026-08-21 00:46:13,160 - ERROR - Error inserting date record: relation "dim_date" does not exist
LINE 2:                     INSERT INTO dim_date
                                        ^

2026-08-21 00:46:13,161 - ERROR - Error inserting date record: relation "dim_date" does not exist
LINE 2:                     INSERT INTO dim_date
                                        ^

2026-08-21 00:46:13,161 - ERROR - Error inserting date record: relation "dim_date" does not exist
LINE 2:                     INSERT INTO dim_date
                                        ^

2026-08-21 00:46:13,161 - ERROR - Error inserting date record: relation "dim_date" does not exist
LINE 2:                     INSERT INTO dim_date
                                        ^

2026-08-21 00:46:13,162 - ERROR - Error inserting date record: relation "dim_date" does not exist
LINE 2:                     INSERT INTO dim_date
                                        ^

2026-08-21 00:46:13,162 - ERROR - Error inserting date record: relation "dim_date" does not exist
LINE 2:                     INSERT INTO dim_date
                                        ^

2026-08-21 00:46:13,163 - ERROR - Error inserting date record: relation "dim_date" does not exist
LINE 2:                     INSERT INTO dim_date
                                        ^

2026-08-21 00:46:13,163 - ERROR - Error inserting date record: relation "dim_date" does not exist
LINE 2:                     INSERT INTO dim_date
                                        ^

2026-08-21 00:46:13,164 - ERROR - Error inserting date record: relation "dim_date" does not exist
LINE 2:                     INSERT INTO dim_date
                                        ^

2026-08-21 00:46:13,164 - ERROR - Error inserting date record: relation "dim_date" does not exist
LINE 2:                     INSERT INTO dim_date
                                        ^

2026-08-21 00:46:13,165 - ERROR - Error inserting date record: relation "dim_date" does not exist
LINE 2:                     INSERT INTO dim_date
                                        ^

2026-08-21 00:46:13,165 - ERROR - Error inserting date record: relation "dim_date" does not exist
LINE 2:                     INSERT INTO dim_date
                                        ^

2026-08-21 00:46:13,165 - ERROR - Error inserting date record: relation "dim_date" does not exist
LINE 2:                     INSERT INTO dim_date
                                        ^

2026-08-21 00:46:13,166 - ERROR - Error inserting date record: relation "dim_date" does not exist
LINE 2:                     INSERT INTO dim_date
                                        ^

2026-08-21 00:46:13,166 - ERROR - Error inserting date record: relation "dim_date" does not exist
LINE 2:                     INSERT INTO dim_date
                                        ^

2026-08-21 00:46:13,167 - ERROR - Error inserting date record: relation "dim_date" does not exist
LINE 2:                     INSERT INTO dim_date
                                        ^

2026-08-21 00:46:13,169 - ERROR - Error inserting date record: relation "dim_date" does not exist
LINE 2:                     INSERT INTO dim_date
                                        ^

2026-08-21 00:46:13,169 - ERROR - Error inserting date record: relation "dim_date" does not exist
LINE 2:                     INSERT INTO dim_date
                                        ^

2026-08-21 00:46:13,170 - ERROR - Error inserting date record: relation "dim_date" does not exist
LINE 2:                     INSERT INTO dim_date
                                        ^

2026-08-21 00:46:13,170 - ERROR - Error inserting date record: relation "dim_date" does not exist
LINE 2:                     INSERT INTO dim_date
                                        ^

2026-08-21 00:46:13,171 - ERROR - Error inserting date record: relation "dim_date" does not exist
LINE 2:                     INSERT INTO dim_date
                                        ^

2026-08-21 00:46:13,171 - ERROR - Error inserting date record: relation "dim_date" does not exist
LINE 2:                     INSERT INTO dim_date
                                        ^

2026-08-21 00:46:13,171 - ERROR - Error inserting date record: relation "dim_date" does not exist
LINE 2:                     INSERT INTO dim_date
                                        ^

2026-08-21 00:46:13,172 - ERROR - Error inserting date record: relation "dim_date" does not exist
LINE 2:                     INSERT INTO dim_date
                                        ^

2026-08-21 00:46:13,172 - ERROR - Error inserting date record: relation "dim_date" does not exist
LINE 2:                     INSERT INTO dim_date
                                        ^

2026-08-21 00:46:13,173 - ERROR - Error inserting date record: relation "dim_date" does not exist
LINE 2:                     INSERT INTO dim_date
                                        ^

2026-08-21 00:46:13,173 - ERROR - Error inserting date record: relation "dim_date" does not exist
LINE 2:                     INSERT INTO dim_date
                                        ^

2026-08-21 00:46:13,173 - ERROR - Error inserting date record: relation "dim_date" does not exist
LINE 2:                     INSERT INTO dim_date
                                        ^

2026-08-21 00:46:13,174 - ERROR - Error inserting date record: relation "dim_date" does not exist
LINE 2:                     INSERT INTO dim_date
                                        ^

2026-08-21 00:46:13,174 - ERROR - Error inserting date record: relation "dim_date" does not exist
LINE 2:                     INSERT INTO dim_date
                                        ^

2026-08-21 00:46:13,175 - ERROR - Error inserting date record: relation "dim_date" does not exist
LINE 2:                     INSERT INTO dim_date
                                        ^

2026-08-21 00:46:13,175 - ERROR - Error inserting date record: relation "dim_date" does not exist
LINE 2:                     INSERT INTO dim_date
                                        ^

2026-08-21 00:46:13,176 - ERROR - Error inserting date record: relation "dim_date" does not exist
LINE 2:                     INSERT INTO dim_date
                                        ^

2026-08-21 00:46:13,176 - ERROR - Error inserting date record: relation "dim_date" does not exist
LINE 2:                     INSERT INTO dim_date
                                        ^

2026-08-21 00:46:13,176 - ERROR - Error inserting date record: relation "dim_date" does not exist
LINE 2:                     INSERT INTO dim_date
                                        ^

2026-08-21 00:46:13,177 - ERROR - Error inserting date record: relation "dim_date" does not exist
LINE 2:                     INSERT INTO dim_date
                                        ^

2026-08-21 00:46:13,177 - ERROR - Error inserting date record: relation "dim_date" does not exist
LINE 2:                     INSERT INTO dim_date
                                        ^

2026-08-21 00:46:13,178 - ERROR - Error inserting date record: relation "dim_date" does not exist
LINE 2:                     INSERT INTO dim_date
                                        ^

2026-08-21 00:46:13,178 - ERROR - Error inserting date record: relation "dim_date" does not exist
LINE 2:                     INSERT INTO dim_date
                                        ^

2026-08-21 00:46:13,178 - ERROR - Error inserting date record: relation "dim_date" does not exist
LINE 2:                     INSERT INTO dim_date
                                        ^

2026-08-21 00:46:13,179 - ERROR - Error inserting date record: relation "dim_date" does not exist
LINE 2:                     INSERT INTO dim_date
                                        ^

2026-08-21 00:46:13,179 - ERROR - Error inserting date record: relation "dim_date" does not exist
LINE 2:                     INSERT INTO dim_date
                                        ^

2026-08-21 00:46:13,180 - ERROR - Error inserting date record: relation "dim_date" does not exist
LINE 2:                     INSERT INTO dim_date
                                        ^

2026-08-21 00:46:13,180 - ERROR - Error inserting date record: relation "dim_date" does not exist
LINE 2:                     INSERT INTO dim_date
                                        ^

2026-08-21 00:46:13,180 - ERROR - Error inserting date record: relation "dim_date" does not exist
LINE 2:                     INSERT INTO dim_date
                                        ^

2026-08-21 00:46:13,181 - ERROR - Error inserting date record: relation "dim_date" does not exist
LINE 2:                     INSERT INTO dim_date
                                        ^

2026-08-21 00:46:13,181 - ERROR - Error inserting date record: relation "dim_date" does not exist
LINE 2:                     INSERT INTO dim_date
                                        ^

2026-08-21 00:46:13,182 - ERROR - Error inserting date record: relation "dim_date" does not exist
LINE 2:                     INSERT INTO dim_date
                                        ^

2026-08-21 00:46:13,184 - ERROR - Error inserting date record: relation "dim_date" does not exist
LINE 2:                     INSERT INTO dim_date
                                        ^

2026-08-21 00:46:13,184 - ERROR - Error inserting date record: relation "dim_date" does not exist
LINE 2:                     INSERT INTO dim_date
                                        ^

2026-08-21 00:46:13,185 - ERROR - Error inserting date record: relation "dim_date" does not exist
LINE 2:                     INSERT INTO dim_date
                                        ^

2026-08-21 00:46:13,185 - ERROR - Error inserting date record: relation "dim_date" does not exist
LINE 2:                     INSERT INTO dim_date
                                        ^

2026-08-21 00:46:13,186 - ERROR - Error inserting date record: relation "dim_date" does not exist
LINE 2:                     INSERT INTO dim_date
                                        ^

2026-08-21 00:46:13,186 - ERROR - Error inserting date record: relation "dim_date" does not exist
LINE 2:                     INSERT INTO dim_date
                                        ^

2026-08-21 00:46:13,186 - ERROR - Error inserting date record: relation "dim_date" does not exist
LINE 2:                     INSERT INTO dim_date
                                        ^

2026-08-21 00:46:13,187 - ERROR - Error inserting date record: relation "dim_date" does not exist
LINE 2:                     INSERT INTO dim_date
                                        ^

2026-08-21 00:46:13,187 - ERROR - Error inserting date record: relation "dim_date" does not exist
LINE 2:                     INSERT INTO dim_date
                                        ^

2026-08-21 00:46:13,188 - ERROR - Error inserting date record: relation "dim_date" does not exist
LINE 2:                     INSERT INTO dim_date
                                        ^

2026-08-21 00:46:13,188 - ERROR - Error inserting date record: relation "dim_date" does not exist
LINE 2:                     INSERT INTO dim_date
                                        ^

2026-08-21 00:46:13,189 - ERROR - Error inserting date record: relation "dim_date" does not exist
LINE 2:                     INSERT INTO dim_date
                                        ^

2026-08-21 00:46:13,189 - ERROR - Error inserting date record: relation "dim_date" does not exist
LINE 2:                     INSERT INTO dim_date
                                        ^

2026-08-21 00:46:13,189 - ERROR - Error inserting date record: relation "dim_date" does not exist
LINE 2:                     INSERT INTO dim_date
                                        ^

2026-08-21 00:46:13,190 - ERROR - Error inserting date record: relation "dim_date" does not exist
LINE 2:                     INSERT INTO dim_date
                                        ^

2026-08-21 00:46:13,190 - ERROR - Error inserting date record: relation "dim_date" does not exist
LINE 2:                     INSERT INTO dim_date
                                        ^

2026-08-21 00:46:13,191 - ERROR - Error inserting date record: relation "dim_date" does not exist
LINE 2:                     INSERT INTO dim_date
                                        ^

2026-08-21 00:46:13,191 - ERROR - Error inserting date record: relation "dim_date" does not exist
LINE 2:                     INSERT INTO dim_date
                                        ^

2026-08-21 00:46:13,191 - ERROR - Error inserting date record: relation "dim_date" does not exist
LINE 2:                     INSERT INTO dim_date
                                        ^

2026-08-21 00:46:13,192 - ERROR - Error inserting date record: relation "dim_date" does not exist
LINE 2:                     INSERT INTO dim_date
                                        ^

2026-08-21 00:46:13,192 - ERROR - Error inserting date record: relation "dim_date" does not exist
LINE 2:                     INSERT INTO dim_date
                                        ^

2026-08-21 00:46:13,193 - ERROR - Error inserting date record: relation "dim_date" does not exist
LINE 2:                     INSERT INTO dim_date
                                        ^

2026-08-21 00:46:13,193 - ERROR - Error inserting date record: relation "dim_date" does not exist
LINE 2:                     INSERT INTO dim_date
                                        ^

2026-08-21 00:46:13,193 - ERROR - Error inserting date record: relation "dim_date" does not exist
LINE 2:                     INSERT INTO dim_date
                                        ^

2026-08-21 00:46:13,194 - ERROR - Error inserting date record: relation "dim_date" does not exist
LINE 2:                     INSERT INTO dim_date
                                        ^

2026-08-21 00:46:13,194 - ERROR - Error inserting date record: relation "dim_date" does not exist
LINE 2:                     INSERT INTO dim_date
                                        ^

2026-08-21 00:46:13,195 - ERROR - Error inserting date record: relation "dim_date" does not exist
LINE 2:                     INSERT INTO dim_date
                                        ^

2026-08-21 00:46:13,195 - ERROR - Error inserting date record: relation "dim_date" does not exist
LINE 2:                     INSERT INTO dim_date
                                        ^

2026-08-21 00:46:13,195 - ERROR - Error inserting date record: relation "dim_date" does not exist
LINE 2:                     INSERT INTO dim_date
                                        ^

2026-08-21 00:46:13,196 - ERROR - Error inserting date record: relation "dim_date" does not exist
LINE 2:                     INSERT INTO dim_date
                                        ^

2026-08-21 00:46:13,196 - ERROR - Error inserting date record: relation "dim_date" does not exist
LINE 2:                     INSERT INTO dim_date
                                        ^

2026-08-21 00:46:13,197 - ERROR - Error inserting date record: relation "dim_date" does not exist
LINE 2:                     INSERT INTO dim_date
                                        ^

2026-08-21 00:46:13,197 - ERROR - Error inserting date record: relation "dim_date" does not exist
LINE 2:                     INSERT INTO dim_date
                                        ^

2026-08-21 00:46:13,198 - ERROR - Error inserting date record: relation "dim_date" does not exist
LINE 2:                     INSERT INTO dim_date
                                        ^

2026-08-21 00:46:13,200 - ERROR - Error inserting date record: relation "dim_date" does not exist
LINE 2:                     INSERT INTO dim_date
                                        ^

2026-08-21 00:46:13,200 - ERROR - Error inserting date record: relation "dim_date" does not exist
LINE 2:                     INSERT INTO dim_date
                                        ^

2026-08-21 00:46:13,201 - ERROR - Error inserting date record: relation "dim_date" does not exist
LINE 2:                     INSERT INTO dim_date
                                        ^

2026-08-21 00:46:13,201 - ERROR - Error inserting date record: relation "dim_date" does not exist
LINE 2:                     INSERT INTO dim_date
                                        ^

2026-08-21 00:46:13,201 - ERROR - Error inserting date record: relation "dim_date" does not exist
LINE 2:                     INSERT INTO dim_date
                                        ^

2026-08-21 00:46:13,202 - ERROR - Error inserting date record: relation "dim_date" does not exist
LINE 2:                     INSERT INTO dim_date
                                        ^

2026-08-21 00:46:13,202 - ERROR - Error inserting date record: relation "dim_date" does not exist
LINE 2:                     INSERT INTO dim_date
                                        ^

2026-08-21 00:46:13,203 - ERROR - Error inserting date record: relation "dim_date" does not exist
LINE 2:                     INSERT INTO dim_date
                                        ^

2026-08-21 00:46:13,203 - ERROR - Error inserting date record: relation "dim_date" does not exist
LINE 2:                     INSERT INTO dim_date
                                        ^

2026-08-21 00:46:13,203 - ERROR - Error inserting date record: relation "dim_date" does not exist
LINE 2:                     INSERT INTO dim_date
                                        ^

2026-08-21 00:46:13,204 - ERROR - Error inserting date record: relation "dim_date" does not exist
LINE 2:                     INSERT INTO dim_date
                                        ^

2026-08-21 00:46:13,204 - ERROR - Error inserting date record: relation "dim_date" does not exist
LINE 2:                     INSERT INTO dim_date
                                        ^

2026-08-21 00:46:13,205 - ERROR - Error inserting date record: relation "dim_date" does not exist
LINE 2:                     INSERT INTO dim_date
                                        ^

2026-08-21 00:46:13,205 - ERROR - Error inserting date record: relation "dim_date" does not exist
LINE 2:                     INSERT INTO dim_date
                                        ^

2026-08-21 00:46:13,205 - ERROR - Error inserting date record: relation "dim_date" does not exist
LINE 2:                     INSERT INTO dim_date
                                        ^

2026-08-21 00:46:13,206 - ERROR - Error inserting date record: relation "dim_date" does not exist
LINE 2:                     INSERT INTO dim_date
                                        ^

2026-08-21 00:46:13,206 - ERROR - Error inserting date record: relation "dim_date" does not exist
LINE 2:                     INSERT INTO dim_date
                                        ^

2026-08-21 00:46:13,207 - ERROR - Error inserting date record: relation "dim_date" does not exist
LINE 2:                     INSERT INTO dim_date
                                        ^

2026-08-21 00:46:13,207 - ERROR - Error inserting date record: relation "dim_date" does not exist
LINE 2:                     INSERT INTO dim_date
                                        ^

2026-08-21 00:46:13,207 - ERROR - Error inserting date record: relation "dim_date" does not exist
LINE 2:                     INSERT INTO dim_date
                                        ^

2026-08-21 00:46:13,208 - ERROR - Error inserting date record: relation "dim_date" does not exist
LINE 2:                     INSERT INTO dim_date
                                        ^

2026-08-21 00:46:13,208 - ERROR - Error inserting date record: relation "dim_date" does not exist
LINE 2:                     INSERT INTO dim_date
                                        ^

2026-08-21 00:46:13,209 - ERROR - Error inserting date record: relation "dim_date" does not exist
LINE 2:                     INSERT INTO dim_date
                                        ^

2026-08-21 00:46:13,209 - ERROR - Error inserting date record: relation "dim_date" does not exist
LINE 2:                     INSERT INTO dim_date
                                        ^

2026-08-21 00:46:13,210 - ERROR - Error inserting date record: relation "dim_date" does not exist
LINE 2:                     INSERT INTO dim_date
                                        ^

2026-08-21 00:46:13,210 - ERROR - Error inserting date record: relation "dim_date" does not exist
LINE 2:                     INSERT INTO dim_date
                                        ^

2026-08-21 00:46:13,210 - ERROR - Error inserting date record: relation "dim_date" does not exist
LINE 2:                     INSERT INTO dim_date
                                        ^

2026-08-21 00:46:13,211 - ERROR - Error inserting date record: relation "dim_date" does not exist
LINE 2:                     INSERT INTO dim_date
                                        ^

2026-08-21 00:46:13,211 - ERROR - Error inserting date record: relation "dim_date" does not exist
LINE 2:                     INSERT INTO dim_date
                                        ^

2026-08-21 00:46:13,212 - ERROR - Error inserting date record: relation "dim_date" does not exist
LINE 2:                     INSERT INTO dim_date
                                        ^

2026-08-21 00:46:13,212 - ERROR - Error inserting date record: relation "dim_date" does not exist
LINE 2:                     INSERT INTO dim_date
                                        ^

2026-08-21 00:46:13,213 - ERROR - Error inserting date record: relation "dim_date" does not exist
LINE 2:                     INSERT INTO dim_date
                                        ^

2026-08-21 00:46:13,215 - ERROR - Error inserting date record: relation "dim_date" does not exist
LINE 2:                     INSERT INTO dim_date
                                        ^

2026-08-21 00:46:13,215 - ERROR - Error inserting date record: relation "dim_date" does not exist
LINE 2:                     INSERT INTO dim_date
                                        ^

2026-08-21 00:46:13,215 - ERROR - Error inserting date record: relation "dim_date" does not exist
LINE 2:                     INSERT INTO dim_date
                                        ^

2026-08-21 00:46:13,216 - ERROR - Error inserting date record: relation "dim_date" does not exist
LINE 2:                     INSERT INTO dim_date
                                        ^

2026-08-21 00:46:13,216 - ERROR - Error inserting date record: relation "dim_date" does not exist
LINE 2:                     INSERT INTO dim_date
                                        ^

2026-08-21 00:46:13,217 - ERROR - Error inserting date record: relation "dim_date" does not exist
LINE 2:                     INSERT INTO dim_date
                                        ^

2026-08-21 00:46:13,217 - ERROR - Error inserting date record: relation "dim_date" does not exist
LINE 2:                     INSERT INTO dim_date
                                        ^

2026-08-21 00:46:13,218 - ERROR - Error inserting date record: relation "dim_date" does not exist
LINE 2:                     INSERT INTO dim_date
                                        ^

2026-08-21 00:46:13,218 - ERROR - Error inserting date record: relation "dim_date" does not exist
LINE 2:                     INSERT INTO dim_date
                                        ^

2026-08-21 00:46:13,218 - ERROR - Error inserting date record: relation "dim_date" does not exist
LINE 2:                     INSERT INTO dim_date
                                        ^

2026-08-21 00:46:13,219 - ERROR - Error inserting date record: relation "dim_date" does not exist
LINE 2:                     INSERT INTO dim_date
                                        ^

2026-08-21 00:46:13,219 - ERROR - Error inserting date record: relation "dim_date" does not exist
LINE 2:                     INSERT INTO dim_date
                                        ^

2026-08-21 00:46:13,220 - ERROR - Error inserting date record: relation "dim_date" does not exist
LINE 2:                     INSERT INTO dim_date
                                        ^

2026-08-21 00:46:13,220 - ERROR - Error inserting date record: relation "dim_date" does not exist
LINE 2:                     INSERT INTO dim_date
                                        ^

2026-08-21 00:46:13,220 - ERROR - Error inserting date record: relation "dim_date" does not exist
LINE 2:                     INSERT INTO dim_date
                                        ^

2026-08-21 00:46:13,221 - ERROR - Error inserting date record: relation "dim_date" does not exist
LINE 2:                     INSERT INTO dim_date
                                        ^

2026-08-21 00:46:13,221 - ERROR - Error inserting date record: relation "dim_date" does not exist
LINE 2:                     INSERT INTO dim_date
                                        ^

2026-08-21 00:46:13,222 - ERROR - Error inserting date record: relation "dim_date" does not exist
LINE 2:                     INSERT INTO dim_date
                                        ^

2026-08-21 00:46:13,222 - ERROR - Error inserting date record: relation "dim_date" does not exist
LINE 2:                     INSERT INTO dim_date
                                        ^

2026-08-21 00:46:13,222 - ERROR - Error inserting date record: relation "dim_date" does not exist
LINE 2:                     INSERT INTO dim_date
                                        ^

2026-08-21 00:46:13,223 - ERROR - Error inserting date record: relation "dim_date" does not exist
LINE 2:                     INSERT INTO dim_date
                                        ^

2026-08-21 00:46:13,223 - ERROR - Error inserting date record: relation "dim_date" does not exist
LINE 2:                     INSERT INTO dim_date
                                        ^

2026-08-21 00:46:13,224 - ERROR - Error inserting date record: relation "dim_date" does not exist
LINE 2:                     INSERT INTO dim_date
                                        ^

2026-08-21 00:46:13,224 - ERROR - Error inserting date record: relation "dim_date" does not exist
LINE 2:                     INSERT INTO dim_date
                                        ^

2026-08-21 00:46:13,224 - ERROR - Error inserting date record: relation "dim_date" does not exist
LINE 2:                     INSERT INTO dim_date
                                        ^

2026-08-21 00:46:13,225 - ERROR - Error inserting date record: relation "dim_date" does not exist
LINE 2:                     INSERT INTO dim_date
                                        ^

2026-08-21 00:46:13,225 - ERROR - Error inserting date record: relation "dim_date" does not exist
LINE 2:                     INSERT INTO dim_date
                                        ^

2026-08-21 00:46:13,226 - ERROR - Error inserting date record: relation "dim_date" does not exist
LINE 2:                     INSERT INTO dim_date
                                        ^

2026-08-21 00:46:13,226 - ERROR - Error inserting date record: relation "dim_date" does not exist
LINE 2:                     INSERT INTO dim_date
                                        ^

2026-08-21 00:46:13,226 - ERROR - Error inserting date record: relation "dim_date" does not exist
LINE 2:                     INSERT INTO dim_date
                                        ^

2026-08-21 00:46:13,227 - ERROR - Error inserting date record: relation "dim_date" does not exist
LINE 2:                     INSERT INTO dim_date
                                        ^

2026-08-21 00:46:13,227 - ERROR - Error inserting date record: relation "dim_date" does not exist
LINE 2:                     INSERT INTO dim_date
                                        ^

2026-08-21 00:46:13,228 - ERROR - Error inserting date record: relation "dim_date" does not exist
LINE 2:                     INSERT INTO dim_date
                                        ^

2026-08-21 00:46:13,228 - ERROR - Error inserting date record: relation "dim_date" does not exist
LINE 2:                     INSERT INTO dim_date
                                        ^

2026-08-21 00:46:13,228 - ERROR - Error inserting date record: relation "dim_date" does not exist
LINE 2:                     INSERT INTO dim_date
                                        ^

2026-08-21 00:46:13,231 - ERROR - Error inserting date record: relation "dim_date" does not exist
LINE 2:                     INSERT INTO dim_date
                                        ^

2026-08-21 00:46:13,231 - ERROR - Error inserting date record: relation "dim_date" does not exist
LINE 2:                     INSERT INTO dim_date
                                        ^

2026-08-21 00:46:13,231 - ERROR - Error inserting date record: relation "dim_date" does not exist
LINE 2:                     INSERT INTO dim_date
                                        ^

2026-08-21 00:46:13,232 - ERROR - Error inserting date record: relation "dim_date" does not exist
LINE 2:                     INSERT INTO dim_date
                                        ^

2026-08-21 00:46:13,232 - ERROR - Error inserting date record: relation "dim_date" does not exist
LINE 2:                     INSERT INTO dim_date
                                        ^

2026-08-21 00:46:13,233 - ERROR - Error inserting date record: relation "dim_date" does not exist
LINE 2:                     INSERT INTO dim_date
                                        ^

2026-08-21 00:46:13,233 - ERROR - Error inserting date record: relation "dim_date" does not exist
LINE 2:                     INSERT INTO dim_date
                                        ^

2026-08-21 00:46:13,233 - ERROR - Error inserting date record: relation "dim_date" does not exist
LINE 2:                     INSERT INTO dim_date
                                        ^

2026-08-21 00:46:13,234 - ERROR - Error inserting date record: relation "dim_date" does not exist
LINE 2:                     INSERT INTO dim_date
                                        ^

2026-08-21 00:46:13,234 - ERROR - Error inserting date record: relation "dim_date" does not exist
LINE 2:                     INSERT INTO dim_date
                                        ^

2026-08-21 00:46:13,235 - ERROR - Error inserting date record: relation "dim_date" does not exist
LINE 2:                     INSERT INTO dim_date
                                        ^

2026-08-21 00:46:13,235 - ERROR - Error inserting date record: relation "dim_date" does not exist
LINE 2:                     INSERT INTO dim_date
                                        ^

2026-08-21 00:46:13,236 - ERROR - Error inserting date record: relation "dim_date" does not exist
LINE 2:                     INSERT INTO dim_date
                                        ^

2026-08-21 00:46:13,236 - ERROR - Error inserting date record: relation "dim_date" does not exist
LINE 2:                     INSERT INTO dim_date
                                        ^

2026-08-21 00:46:13,236 - ERROR - Error inserting date record: relation "dim_date" does not exist
LINE 2:                     INSERT INTO dim_date
                                        ^

2026-08-21 00:46:13,237 - ERROR - Error inserting date record: relation "dim_date" does not exist
LINE 2:                     INSERT INTO dim_date
                                        ^

2026-08-21 00:46:13,237 - ERROR - Error inserting date record: relation "dim_date" does not exist
LINE 2:                     INSERT INTO dim_date
                                        ^

2026-08-21 00:46:13,238 - ERROR - Error inserting date record: relation "dim_date" does not exist
LINE 2:                     INSERT INTO dim_date
                                        ^

2026-08-21 00:46:13,238 - ERROR - Error inserting date record: relation "dim_date" does not exist
LINE 2:                     INSERT INTO dim_date
                                        ^

2026-08-21 00:46:13,238 - ERROR - Error inserting date record: relation "dim_date" does not exist
LINE 2:                     INSERT INTO dim_date
                                        ^

2026-08-21 00:46:13,239 - ERROR - Error inserting date record: relation "dim_date" does not exist
LINE 2:                     INSERT INTO dim_date
                                        ^

2026-08-21 00:46:13,239 - ERROR - Error inserting date record: relation "dim_date" does not exist
LINE 2:                     INSERT INTO dim_date
                                        ^

2026-08-21 00:46:13,240 - ERROR - Error inserting date record: relation "dim_date" does not exist
LINE 2:                     INSERT INTO dim_date
                                        ^

2026-08-21 00:46:13,240 - ERROR - Error inserting date record: relation "dim_date" does not exist
LINE 2:                     INSERT INTO dim_date
                                        ^

2026-08-21 00:46:13,241 - ERROR - Error inserting date record: relation "dim_date" does not exist
LINE 2:                     INSERT INTO dim_date
                                        ^

2026-08-21 00:46:13,241 - ERROR - Error inserting date record: relation "dim_date" does not exist
LINE 2:                     INSERT INTO dim_date
                                        ^

2026-08-21 00:46:13,241 - ERROR - Error inserting date record: relation "dim_date" does not exist
LINE 2:                     INSERT INTO dim_date
                                        ^

2026-08-21 00:46:13,242 - ERROR - Error inserting date record: relation "dim_date" does not exist
LINE 2:                     INSERT INTO dim_date
                                        ^

2026-08-21 00:46:13,242 - ERROR - Error inserting date record: relation "dim_date" does not exist
LINE 2:                     INSERT INTO dim_date
                                        ^

2026-08-21 00:46:13,243 - ERROR - Error inserting date record: relation "dim_date" does not exist
LINE 2:                     INSERT INTO dim_date
                                        ^

2026-08-21 00:46:13,243 - ERROR - Error inserting date record: relation "dim_date" does not exist
LINE 2:                     INSERT INTO dim_date
                                        ^

2026-08-21 00:46:13,244 - ERROR - Error inserting date record: relation "dim_date" does not exist
LINE 2:                     INSERT INTO dim_date
                                        ^

2026-08-21 00:46:13,246 - ERROR - Error inserting date record: relation "dim_date" does not exist
LINE 2:                     INSERT INTO dim_date
                                        ^

2026-08-21 00:46:13,246 - ERROR - Error inserting date record: relation "dim_date" does not exist
LINE 2:                     INSERT INTO dim_date
                                        ^

2026-08-21 00:46:13,247 - ERROR - Error inserting date record: relation "dim_date" does not exist
LINE 2:                     INSERT INTO dim_date
                                        ^

2026-08-21 00:46:13,247 - ERROR - Error inserting date record: relation "dim_date" does not exist
LINE 2:                     INSERT INTO dim_date
                                        ^

2026-08-21 00:46:13,247 - ERROR - Error inserting date record: relation "dim_date" does not exist
LINE 2:                     INSERT INTO dim_date
                                        ^

2026-08-21 00:46:13,248 - ERROR - Error inserting date record: relation "dim_date" does not exist
LINE 2:                     INSERT INTO dim_date
                                        ^

2026-08-21 00:46:13,248 - ERROR - Error inserting date record: relation "dim_date" does not exist
LINE 2:                     INSERT INTO dim_date
                                        ^

2026-08-21 00:46:13,249 - ERROR - Error inserting date record: relation "dim_date" does not exist
LINE 2:                     INSERT INTO dim_date
                                        ^

2026-08-21 00:46:13,249 - ERROR - Error inserting date record: relation "dim_date" does not exist
LINE 2:                     INSERT INTO dim_date
                                        ^

2026-08-21 00:46:13,250 - ERROR - Error inserting date record: relation "dim_date" does not exist
LINE 2:                     INSERT INTO dim_date
                                        ^

2026-08-21 00:46:13,250 - ERROR - Error inserting date record: relation "dim_date" does not exist
LINE 2:                     INSERT INTO dim_date
                                        ^

2026-08-21 00:46:13,250 - ERROR - Error inserting date record: relation "dim_date" does not exist
LINE 2:                     INSERT INTO dim_date
                                        ^

2026-08-21 00:46:13,251 - ERROR - Error inserting date record: relation "dim_date" does not exist
LINE 2:                     INSERT INTO dim_date
                                        ^

2026-08-21 00:46:13,251 - ERROR - Error inserting date record: relation "dim_date" does not exist
LINE 2:                     INSERT INTO dim_date
                                        ^

2026-08-21 00:46:13,252 - ERROR - Error inserting date record: relation "dim_date" does not exist
LINE 2:                     INSERT INTO dim_date
                                        ^

2026-08-21 00:46:13,252 - ERROR - Error inserting date record: relation "dim_date" does not exist
LINE 2:                     INSERT INTO dim_date
                                        ^

2026-08-21 00:46:13,252 - ERROR - Error inserting date record: relation "dim_date" does not exist
LINE 2:                     INSERT INTO dim_date
                                        ^

2026-08-21 00:46:13,253 - ERROR - Error inserting date record: relation "dim_date" does not exist
LINE 2:                     INSERT INTO dim_date
                                        ^

2026-08-21 00:46:13,253 - ERROR - Error inserting date record: relation "dim_date" does not exist
LINE 2:                     INSERT INTO dim_date
                                        ^

2026-08-21 00:46:13,254 - ERROR - Error inserting date record: relation "dim_date" does not exist
LINE 2:                     INSERT INTO dim_date
                                        ^

2026-08-21 00:46:13,254 - ERROR - Error inserting date record: relation "dim_date" does not exist
LINE 2:                     INSERT INTO dim_date
                                        ^

2026-08-21 00:46:13,255 - ERROR - Error inserting date record: relation "dim_date" does not exist
LINE 2:                     INSERT INTO dim_date
                                        ^

2026-08-21 00:46:13,255 - ERROR - Error inserting date record: relation "dim_date" does not exist
LINE 2:                     INSERT INTO dim_date
                                        ^

2026-08-21 00:46:13,255 - ERROR - Error inserting date record: relation "dim_date" does not exist
LINE 2:                     INSERT INTO dim_date
                                        ^

2026-08-21 00:46:13,256 - ERROR - Error inserting date record: relation "dim_date" does not exist
LINE 2:                     INSERT INTO dim_date
                                        ^

2026-08-21 00:46:13,256 - ERROR - Error inserting date record: relation "dim_date" does not exist
LINE 2:                     INSERT INTO dim_date
                                        ^

2026-08-21 00:46:13,257 - ERROR - Error inserting date record: relation "dim_date" does not exist
LINE 2:                     INSERT INTO dim_date
                                        ^

2026-08-21 00:46:13,257 - ERROR - Error inserting date record: relation "dim_date" does not exist
LINE 2:                     INSERT INTO dim_date
                                        ^

2026-08-21 00:46:13,257 - ERROR - Error inserting date record: relation "dim_date" does not exist
LINE 2:                     INSERT INTO dim_date
                                        ^

2026-08-21 00:46:13,258 - ERROR - Error inserting date record: relation "dim_date" does not exist
LINE 2:                     INSERT INTO dim_date
                                        ^

2026-08-21 00:46:13,258 - ERROR - Error inserting date record: relation "dim_date" does not exist
LINE 2:                     INSERT INTO dim_date
                                        ^

2026-08-21 00:46:13,259 - ERROR - Error inserting date record: relation "dim_date" does not exist
LINE 2:                     INSERT INTO dim_date
                                        ^

2026-08-21 00:46:13,261 - ERROR - Error inserting date record: relation "dim_date" does not exist
LINE 2:                     INSERT INTO dim_date
                                        ^

2026-08-21 00:46:13,261 - ERROR - Error inserting date record: relation "dim_date" does not exist
LINE 2:                     INSERT INTO dim_date
                                        ^

2026-08-21 00:46:13,262 - ERROR - Error inserting date record: relation "dim_date" does not exist
LINE 2:                     INSERT INTO dim_date
                                        ^

2026-08-21 00:46:13,262 - ERROR - Error inserting date record: relation "dim_date" does not exist
LINE 2:                     INSERT INTO dim_date
                                        ^

2026-08-21 00:46:13,263 - ERROR - Error inserting date record: relation "dim_date" does not exist
LINE 2:                     INSERT INTO dim_date
                                        ^

2026-08-21 00:46:13,263 - ERROR - Error inserting date record: relation "dim_date" does not exist
LINE 2:                     INSERT INTO dim_date
                                        ^

2026-08-21 00:46:13,263 - ERROR - Error inserting date record: relation "dim_date" does not exist
LINE 2:                     INSERT INTO dim_date
                                        ^

2026-08-21 00:46:13,264 - ERROR - Error inserting date record: relation "dim_date" does not exist
LINE 2:                     INSERT INTO dim_date
                                        ^

2026-08-21 00:46:13,264 - ERROR - Error inserting date record: relation "dim_date" does not exist
LINE 2:                     INSERT INTO dim_date
                                        ^

2026-08-21 00:46:13,265 - ERROR - Error inserting date record: relation "dim_date" does not exist
LINE 2:                     INSERT INTO dim_date
                                        ^

2026-08-21 00:46:13,265 - ERROR - Error inserting date record: relation "dim_date" does not exist
LINE 2:                     INSERT INTO dim_date
                                        ^

2026-08-21 00:46:13,266 - ERROR - Error inserting date record: relation "dim_date" does not exist
LINE 2:                     INSERT INTO dim_date
                                        ^

2026-08-21 00:46:13,266 - ERROR - Error inserting date record: relation "dim_date" does not exist
LINE 2:                     INSERT INTO dim_date
                                        ^

2026-08-21 00:46:13,266 - ERROR - Error inserting date record: relation "dim_date" does not exist
LINE 2:                     INSERT INTO dim_date
                                        ^

2026-08-21 00:46:13,267 - ERROR - Error inserting date record: relation "dim_date" does not exist
LINE 2:                     INSERT INTO dim_date
                                        ^

2026-08-21 00:46:13,267 - ERROR - Error inserting date record: relation "dim_date" does not exist
LINE 2:                     INSERT INTO dim_date
                                        ^

2026-08-21 00:46:13,268 - ERROR - Error inserting date record: relation "dim_date" does not exist
LINE 2:                     INSERT INTO dim_date
                                        ^

2026-08-21 00:46:13,268 - ERROR - Error inserting date record: relation "dim_date" does not exist
LINE 2:                     INSERT INTO dim_date
                                        ^

2026-08-21 00:46:13,268 - ERROR - Error inserting date record: relation "dim_date" does not exist
LINE 2:                     INSERT INTO dim_date
                                        ^

2026-08-21 00:46:13,269 - ERROR - Error inserting date record: relation "dim_date" does not exist
LINE 2:                     INSERT INTO dim_date
                                        ^

2026-08-21 00:46:13,269 - ERROR - Error inserting date record: relation "dim_date" does not exist
LINE 2:                     INSERT INTO dim_date
                                        ^

2026-08-21 00:46:13,270 - ERROR - Error inserting date record: relation "dim_date" does not exist
LINE 2:                     INSERT INTO dim_date
                                        ^

2026-08-21 00:46:13,270 - ERROR - Error inserting date record: relation "dim_date" does not exist
LINE 2:                     INSERT INTO dim_date
                                        ^

2026-08-21 00:46:13,270 - ERROR - Error inserting date record: relation "dim_date" does not exist
LINE 2:                     INSERT INTO dim_date
                                        ^

2026-08-21 00:46:13,271 - ERROR - Error inserting date record: relation "dim_date" does not exist
LINE 2:                     INSERT INTO dim_date
                                        ^

2026-08-21 00:46:13,271 - ERROR - Error inserting date record: relation "dim_date" does not exist
LINE 2:                     INSERT INTO dim_date
                                        ^

2026-08-21 00:46:13,272 - ERROR - Error inserting date record: relation "dim_date" does not exist
LINE 2:                     INSERT INTO dim_date
                                        ^

2026-08-21 00:46:13,272 - ERROR - Error inserting date record: relation "dim_date" does not exist
LINE 2:                     INSERT INTO dim_date
                                        ^

2026-08-21 00:46:13,272 - ERROR - Error inserting date record: relation "dim_date" does not exist
LINE 2:                     INSERT INTO dim_date
                                        ^

2026-08-21 00:46:13,273 - ERROR - Error inserting date record: relation "dim_date" does not exist
LINE 2:                     INSERT INTO dim_date
                                        ^

2026-08-21 00:46:13,273 - ERROR - Error inserting date record: relation "dim_date" does not exist
LINE 2:                     INSERT INTO dim_date
                                        ^

2026-08-21 00:46:13,274 - ERROR - Error inserting date record: relation "dim_date" does not exist
LINE 2:                     INSERT INTO dim_date
                                        ^

2026-08-21 00:46:13,276 - ERROR - Error inserting date record: relation "dim_date" does not exist
LINE 2:                     INSERT INTO dim_date
                                        ^

2026-08-21 00:46:13,276 - ERROR - Error inserting date record: relation "dim_date" does not exist
LINE 2:                     INSERT INTO dim_date
                                        ^

2026-08-21 00:46:13,277 - ERROR - Error inserting date record: relation "dim_date" does not exist
LINE 2:                     INSERT INTO dim_date
                                        ^

2026-08-21 00:46:13,277 - ERROR - Error inserting date record: relation "dim_date" does not exist
LINE 2:                     INSERT INTO dim_date
                                        ^

2026-08-21 00:46:13,278 - ERROR - Error inserting date record: relation "dim_date" does not exist
LINE 2:                     INSERT INTO dim_date
                                        ^

2026-08-21 00:46:13,278 - ERROR - Error inserting date record: relation "dim_date" does not exist
LINE 2:                     INSERT INTO dim_date
                                        ^

2026-08-21 00:46:13,279 - ERROR - Error inserting date record: relation "dim_date" does not exist
LINE 2:                     INSERT INTO dim_date
                                        ^

2026-08-21 00:46:13,280 - ERROR - Error inserting date record: relation "dim_date" does not exist
LINE 2:                     INSERT INTO dim_date
                                        ^

2026-08-21 00:46:13,280 - ERROR - Error inserting date record: relation "dim_date" does not exist
LINE 2:                     INSERT INTO dim_date
                                        ^

2026-08-21 00:46:13,280 - ERROR - Error inserting date record: relation "dim_date" does not exist
LINE 2:                     INSERT INTO dim_date
                                        ^

2026-08-21 00:46:13,281 - ERROR - Error inserting date record: relation "dim_date" does not exist
LINE 2:                     INSERT INTO dim_date
                                        ^

2026-08-21 00:46:13,281 - ERROR - Error inserting date record: relation "dim_date" does not exist
LINE 2:                     INSERT INTO dim_date
                                        ^

2026-08-21 00:46:13,282 - ERROR - Error inserting date record: relation "dim_date" does not exist
LINE 2:                     INSERT INTO dim_date
                                        ^

2026-08-21 00:46:13,282 - ERROR - Error inserting date record: relation "dim_date" does not exist
LINE 2:                     INSERT INTO dim_date
                                        ^

2026-08-21 00:46:13,283 - ERROR - Error inserting date record: relation "dim_date" does not exist
LINE 2:                     INSERT INTO dim_date
                                        ^

2026-08-21 00:46:13,283 - ERROR - Error inserting date record: relation "dim_date" does not exist
LINE 2:                     INSERT INTO dim_date
                                        ^

2026-08-21 00:46:13,283 - ERROR - Error inserting date record: relation "dim_date" does not exist
LINE 2:                     INSERT INTO dim_date
                                        ^

2026-08-21 00:46:13,284 - ERROR - Error inserting date record: relation "dim_date" does not exist
LINE 2:                     INSERT INTO dim_date
                                        ^

2026-08-21 00:46:13,284 - ERROR - Error inserting date record: relation "dim_date" does not exist
LINE 2:                     INSERT INTO dim_date
                                        ^

2026-08-21 00:46:13,285 - ERROR - Error inserting date record: relation "dim_date" does not exist
LINE 2:                     INSERT INTO dim_date
                                        ^

2026-08-21 00:46:13,285 - ERROR - Error inserting date record: relation "dim_date" does not exist
LINE 2:                     INSERT INTO dim_date
                                        ^

2026-08-21 00:46:13,286 - ERROR - Error inserting date record: relation "dim_date" does not exist
LINE 2:                     INSERT INTO dim_date
                                        ^

2026-08-21 00:46:13,286 - ERROR - Error inserting date record: relation "dim_date" does not exist
LINE 2:                     INSERT INTO dim_date
                                        ^

2026-08-21 00:46:13,286 - ERROR - Error inserting date record: relation "dim_date" does not exist
LINE 2:                     INSERT INTO dim_date
                                        ^

2026-08-21 00:46:13,287 - ERROR - Error inserting date record: relation "dim_date" does not exist
LINE 2:                     INSERT INTO dim_date
                                        ^

2026-08-21 00:46:13,287 - ERROR - Error inserting date record: relation "dim_date" does not exist
LINE 2:                     INSERT INTO dim_date
                                        ^

2026-08-21 00:46:13,288 - ERROR - Error inserting date record: relation "dim_date" does not exist
LINE 2:                     INSERT INTO dim_date
                                        ^

2026-08-21 00:46:13,288 - ERROR - Error inserting date record: relation "dim_date" does not exist
LINE 2:                     INSERT INTO dim_date
                                        ^

2026-08-21 00:46:13,289 - ERROR - Error inserting date record: relation "dim_date" does not exist
LINE 2:                     INSERT INTO dim_date
                                        ^

2026-08-21 00:46:13,289 - ERROR - Error inserting date record: relation "dim_date" does not exist
LINE 2:                     INSERT INTO dim_date
                                        ^

2026-08-21 00:46:13,289 - ERROR - Error inserting date record: relation "dim_date" does not exist
LINE 2:                     INSERT INTO dim_date
                                        ^

2026-08-21 00:46:13,290 - ERROR - Error inserting date record: relation "dim_date" does not exist
LINE 2:                     INSERT INTO dim_date
                                        ^

2026-08-21 00:46:13,294 - ERROR - Error inserting date record: relation "dim_date" does not exist
LINE 2:                     INSERT INTO dim_date
                                        ^

2026-08-21 00:46:13,294 - ERROR - Error inserting date record: relation "dim_date" does not exist
LINE 2:                     INSERT INTO dim_date
                                        ^

2026-08-21 00:46:13,295 - ERROR - Error inserting date record: relation "dim_date" does not exist
LINE 2:                     INSERT INTO dim_date
                                        ^

2026-08-21 00:46:13,295 - ERROR - Error inserting date record: relation "dim_date" does not exist
LINE 2:                     INSERT INTO dim_date
                                        ^

2026-08-21 00:46:13,295 - ERROR - Error inserting date record: relation "dim_date" does not exist
LINE 2:                     INSERT INTO dim_date
                                        ^

2026-08-21 00:46:13,296 - ERROR - Error inserting date record: relation "dim_date" does not exist
LINE 2:                     INSERT INTO dim_date
                                        ^

2026-08-21 00:46:13,296 - ERROR - Error inserting date record: relation "dim_date" does not exist
LINE 2:                     INSERT INTO dim_date
                                        ^

2026-08-21 00:46:13,297 - ERROR - Error inserting date record: relation "dim_date" does not exist
LINE 2:                     INSERT INTO dim_date
                                        ^

2026-08-21 00:46:13,297 - ERROR - Error inserting date record: relation "dim_date" does not exist
LINE 2:                     INSERT INTO dim_date
                                        ^

2026-08-21 00:46:13,298 - ERROR - Error inserting date record: relation "dim_date" does not exist
LINE 2:                     INSERT INTO dim_date
                                        ^

2026-08-21 00:46:13,298 - ERROR - Error inserting date record: relation "dim_date" does not exist
LINE 2:                     INSERT INTO dim_date
                                        ^

2026-08-21 00:46:13,298 - ERROR - Error inserting date record: relation "dim_date" does not exist
LINE 2:                     INSERT INTO dim_date
                                        ^

2026-08-21 00:46:13,299 - ERROR - Error inserting date record: relation "dim_date" does not exist
LINE 2:                     INSERT INTO dim_date
                                        ^

2026-08-21 00:46:13,299 - ERROR - Error inserting date record: relation "dim_date" does not exist
LINE 2:                     INSERT INTO dim_date
                                        ^

2026-08-21 00:46:13,300 - ERROR - Error inserting date record: relation "dim_date" does not exist
LINE 2:                     INSERT INTO dim_date
                                        ^

2026-08-21 00:46:13,300 - ERROR - Error inserting date record: relation "dim_date" does not exist
LINE 2:                     INSERT INTO dim_date
                                        ^

2026-08-21 00:46:13,301 - ERROR - Error inserting date record: relation "dim_date" does not exist
LINE 2:                     INSERT INTO dim_date
                                        ^

2026-08-21 00:46:13,301 - ERROR - Error inserting date record: relation "dim_date" does not exist
LINE 2:                     INSERT INTO dim_date
                                        ^

2026-08-21 00:46:13,301 - ERROR - Error inserting date record: relation "dim_date" does not exist
LINE 2:                     INSERT INTO dim_date
                                        ^

2026-08-21 00:46:13,302 - ERROR - Error inserting date record: relation "dim_date" does not exist
LINE 2:                     INSERT INTO dim_date
                                        ^

2026-08-21 00:46:13,302 - ERROR - Error inserting date record: relation "dim_date" does not exist
LINE 2:                     INSERT INTO dim_date
                                        ^

2026-08-21 00:46:13,303 - ERROR - Error inserting date record: relation "dim_date" does not exist
LINE 2:                     INSERT INTO dim_date
                                        ^

2026-08-21 00:46:13,303 - ERROR - Error inserting date record: relation "dim_date" does not exist
LINE 2:                     INSERT INTO dim_date
                                        ^

2026-08-21 00:46:13,304 - ERROR - Error inserting date record: relation "dim_date" does not exist
LINE 2:                     INSERT INTO dim_date
                                        ^

2026-08-21 00:46:13,304 - ERROR - Error inserting date record: relation "dim_date" does not exist
LINE 2:                     INSERT INTO dim_date
                                        ^

2026-08-21 00:46:13,304 - ERROR - Error inserting date record: relation "dim_date" does not exist
LINE 2:                     INSERT INTO dim_date
                                        ^

2026-08-21 00:46:13,305 - ERROR - Error inserting date record: relation "dim_date" does not exist
LINE 2:                     INSERT INTO dim_date
                                        ^

2026-08-21 00:46:13,305 - ERROR - Error inserting date record: relation "dim_date" does not exist
LINE 2:                     INSERT INTO dim_date
                                        ^

2026-08-21 00:46:13,306 - ERROR - Error inserting date record: relation "dim_date" does not exist
LINE 2:                     INSERT INTO dim_date
                                        ^

2026-08-21 00:46:13,308 - ERROR - Error inserting date record: relation "dim_date" does not exist
LINE 2:                     INSERT INTO dim_date
                                        ^

2026-08-21 00:46:13,308 - ERROR - Error inserting date record: relation "dim_date" does not exist
LINE 2:                     INSERT INTO dim_date
                                        ^

2026-08-21 00:46:13,309 - ERROR - Error inserting date record: relation "dim_date" does not exist
LINE 2:                     INSERT INTO dim_date
                                        ^

2026-08-21 00:46:13,309 - ERROR - Error inserting date record: relation "dim_date" does not exist
LINE 2:                     INSERT INTO dim_date
                                        ^

2026-08-21 00:46:13,310 - ERROR - Error inserting date record: relation "dim_date" does not exist
LINE 2:                     INSERT INTO dim_date
                                        ^

2026-08-21 00:46:13,310 - ERROR - Error inserting date record: relation "dim_date" does not exist
LINE 2:                     INSERT INTO dim_date
                                        ^

2026-08-21 00:46:13,311 - ERROR - Error inserting date record: relation "dim_date" does not exist
LINE 2:                     INSERT INTO dim_date
                                        ^

2026-08-21 00:46:13,311 - ERROR - Error inserting date record: relation "dim_date" does not exist
LINE 2:                     INSERT INTO dim_date
                                        ^

2026-08-21 00:46:13,312 - ERROR - Error inserting date record: relation "dim_date" does not exist
LINE 2:                     INSERT INTO dim_date
                                        ^

2026-08-21 00:46:13,312 - ERROR - Error inserting date record: relation "dim_date" does not exist
LINE 2:                     INSERT INTO dim_date
                                        ^

2026-08-21 00:46:13,313 - ERROR - Error inserting date record: relation "dim_date" does not exist
LINE 2:                     INSERT INTO dim_date
                                        ^

2026-08-21 00:46:13,313 - ERROR - Error inserting date record: relation "dim_date" does not exist
LINE 2:                     INSERT INTO dim_date
                                        ^

2026-08-21 00:46:13,313 - ERROR - Error inserting date record: relation "dim_date" does not exist
LINE 2:                     INSERT INTO dim_date
                                        ^

2026-08-21 00:46:13,314 - ERROR - Error inserting date record: relation "dim_date" does not exist
LINE 2:                     INSERT INTO dim_date
                                        ^

2026-08-21 00:46:13,314 - ERROR - Error inserting date record: relation "dim_date" does not exist
LINE 2:                     INSERT INTO dim_date
                                        ^

2026-08-21 00:46:13,315 - ERROR - Error inserting date record: relation "dim_date" does not exist
LINE 2:                     INSERT INTO dim_date
                                        ^

2026-08-21 00:46:13,315 - ERROR - Error inserting date record: relation "dim_date" does not exist
LINE 2:                     INSERT INTO dim_date
                                        ^

2026-08-21 00:46:13,316 - ERROR - Error inserting date record: relation "dim_date" does not exist
LINE 2:                     INSERT INTO dim_date
                                        ^

2026-08-21 00:46:13,316 - ERROR - Error inserting date record: relation "dim_date" does not exist
LINE 2:                     INSERT INTO dim_date
                                        ^

2026-08-21 00:46:13,317 - ERROR - Error inserting date record: relation "dim_date" does not exist
LINE 2:                     INSERT INTO dim_date
                                        ^

2026-08-21 00:46:13,317 - ERROR - Error inserting date record: relation "dim_date" does not exist
LINE 2:                     INSERT INTO dim_date
                                        ^

2026-08-21 00:46:13,318 - ERROR - Error inserting date record: relation "dim_date" does not exist
LINE 2:                     INSERT INTO dim_date
                                        ^

2026-08-21 00:46:13,318 - ERROR - Error inserting date record: relation "dim_date" does not exist
LINE 2:                     INSERT INTO dim_date
                                        ^

2026-08-21 00:46:13,319 - ERROR - Error inserting date record: relation "dim_date" does not exist
LINE 2:                     INSERT INTO dim_date
                                        ^

2026-08-21 00:46:13,319 - ERROR - Error inserting date record: relation "dim_date" does not exist
LINE 2:                     INSERT INTO dim_date
                                        ^

2026-08-21 00:46:13,320 - ERROR - Error inserting date record: relation "dim_date" does not exist
LINE 2:                     INSERT INTO dim_date
                                        ^

2026-08-21 00:46:13,320 - ERROR - Error inserting date record: relation "dim_date" does not exist
LINE 2:                     INSERT INTO dim_date
                                        ^

2026-08-21 00:46:13,321 - ERROR - Error inserting date record: relation "dim_date" does not exist
LINE 2:                     INSERT INTO dim_date
                                        ^

2026-08-21 00:46:13,324 - ERROR - Error inserting date record: relation "dim_date" does not exist
LINE 2:                     INSERT INTO dim_date
                                        ^

2026-08-21 00:46:13,324 - ERROR - Error inserting date record: relation "dim_date" does not exist
LINE 2:                     INSERT INTO dim_date
                                        ^

2026-08-21 00:46:13,329 - ERROR - Error inserting date record: relation "dim_date" does not exist
LINE 2:                     INSERT INTO dim_date
                                        ^

2026-08-21 00:46:13,330 - ERROR - Error inserting date record: relation "dim_date" does not exist
LINE 2:                     INSERT INTO dim_date
                                        ^

2026-08-21 00:46:13,330 - ERROR - Error inserting date record: relation "dim_date" does not exist
LINE 2:                     INSERT INTO dim_date
                                        ^

2026-08-21 00:46:13,330 - ERROR - Error inserting date record: relation "dim_date" does not exist
LINE 2:                     INSERT INTO dim_date
                                        ^

2026-08-21 00:46:13,331 - ERROR - Error inserting date record: relation "dim_date" does not exist
LINE 2:                     INSERT INTO dim_date
                                        ^

2026-08-21 00:46:13,331 - ERROR - Error inserting date record: relation "dim_date" does not exist
LINE 2:                     INSERT INTO dim_date
                                        ^

2026-08-21 00:46:13,332 - ERROR - Error inserting date record: relation "dim_date" does not exist
LINE 2:                     INSERT INTO dim_date
                                        ^

2026-08-21 00:46:13,332 - ERROR - Error inserting date record: relation "dim_date" does not exist
LINE 2:                     INSERT INTO dim_date
                                        ^

2026-08-21 00:46:13,332 - ERROR - Error inserting date record: relation "dim_date" does not exist
LINE 2:                     INSERT INTO dim_date
                                        ^

2026-08-21 00:46:13,333 - ERROR - Error inserting date record: relation "dim_date" does not exist
LINE 2:                     INSERT INTO dim_date
                                        ^

2026-08-21 00:46:13,333 - ERROR - Error inserting date record: relation "dim_date" does not exist
LINE 2:                     INSERT INTO dim_date
                                        ^

2026-08-21 00:46:13,334 - ERROR - Error inserting date record: relation "dim_date" does not exist
LINE 2:                     INSERT INTO dim_date
                                        ^

2026-08-21 00:46:13,334 - ERROR - Error inserting date record: relation "dim_date" does not exist
LINE 2:                     INSERT INTO dim_date
                                        ^

2026-08-21 00:46:13,335 - ERROR - Error inserting date record: relation "dim_date" does not exist
LINE 2:                     INSERT INTO dim_date
                                        ^

2026-08-21 00:46:13,335 - ERROR - Error inserting date record: relation "dim_date" does not exist
LINE 2:                     INSERT INTO dim_date
                                        ^

2026-08-21 00:46:13,336 - ERROR - Error inserting date record: relation "dim_date" does not exist
LINE 2:                     INSERT INTO dim_date
                                        ^

2026-08-21 00:46:13,338 - ERROR - Error inserting date record: relation "dim_date" does not exist
LINE 2:                     INSERT INTO dim_date
                                        ^

2026-08-21 00:46:13,338 - ERROR - Error inserting date record: relation "dim_date" does not exist
LINE 2:                     INSERT INTO dim_date
                                        ^

2026-08-21 00:46:13,339 - ERROR - Error inserting date record: relation "dim_date" does not exist
LINE 2:                     INSERT INTO dim_date
                                        ^

2026-08-21 00:46:13,339 - ERROR - Error inserting date record: relation "dim_date" does not exist
LINE 2:                     INSERT INTO dim_date
                                        ^

2026-08-21 00:46:13,339 - ERROR - Error inserting date record: relation "dim_date" does not exist
LINE 2:                     INSERT INTO dim_date
                                        ^

2026-08-21 00:46:13,340 - ERROR - Error inserting date record: relation "dim_date" does not exist
LINE 2:                     INSERT INTO dim_date
                                        ^

2026-08-21 00:46:13,340 - ERROR - Error inserting date record: relation "dim_date" does not exist
LINE 2:                     INSERT INTO dim_date
                                        ^

2026-08-21 00:46:13,341 - ERROR - Error inserting date record: relation "dim_date" does not exist
LINE 2:                     INSERT INTO dim_date
                                        ^

2026-08-21 00:46:13,341 - ERROR - Error inserting date record: relation "dim_date" does not exist
LINE 2:                     INSERT INTO dim_date
                                        ^

2026-08-21 00:46:13,341 - ERROR - Error inserting date record: relation "dim_date" does not exist
LINE 2:                     INSERT INTO dim_date
                                        ^

2026-08-21 00:46:13,342 - ERROR - Error inserting date record: relation "dim_date" does not exist
LINE 2:                     INSERT INTO dim_date
                                        ^

2026-08-21 00:46:13,342 - ERROR - Error inserting date record: relation "dim_date" does not exist
LINE 2:                     INSERT INTO dim_date
                                        ^

2026-08-21 00:46:13,343 - ERROR - Error inserting date record: relation "dim_date" does not exist
LINE 2:                     INSERT INTO dim_date
                                        ^

2026-08-21 00:46:13,343 - ERROR - Error inserting date record: relation "dim_date" does not exist
LINE 2:                     INSERT INTO dim_date
                                        ^

2026-08-21 00:46:13,343 - ERROR - Error inserting date record: relation "dim_date" does not exist
LINE 2:                     INSERT INTO dim_date
                                        ^

2026-08-21 00:46:13,344 - ERROR - Error inserting date record: relation "dim_date" does not exist
LINE 2:                     INSERT INTO dim_date
                                        ^

2026-08-21 00:46:13,344 - ERROR - Error inserting date record: relation "dim_date" does not exist
LINE 2:                     INSERT INTO dim_date
                                        ^

2026-08-21 00:46:13,345 - ERROR - Error inserting date record: relation "dim_date" does not exist
LINE 2:                     INSERT INTO dim_date
                                        ^

2026-08-21 00:46:13,345 - ERROR - Error inserting date record: relation "dim_date" does not exist
LINE 2:                     INSERT INTO dim_date
                                        ^

2026-08-21 00:46:13,346 - ERROR - Error inserting date record: relation "dim_date" does not exist
LINE 2:                     INSERT INTO dim_date
                                        ^

2026-08-21 00:46:13,346 - ERROR - Error inserting date record: relation "dim_date" does not exist
LINE 2:                     INSERT INTO dim_date
                                        ^

2026-08-21 00:46:13,346 - ERROR - Error inserting date record: relation "dim_date" does not exist
LINE 2:                     INSERT INTO dim_date
                                        ^

2026-08-21 00:46:13,347 - ERROR - Error inserting date record: relation "dim_date" does not exist
LINE 2:                     INSERT INTO dim_date
                                        ^

2026-08-21 00:46:13,347 - ERROR - Error inserting date record: relation "dim_date" does not exist
LINE 2:                     INSERT INTO dim_date
                                        ^

2026-08-21 00:46:13,348 - ERROR - Error inserting date record: relation "dim_date" does not exist
LINE 2:                     INSERT INTO dim_date
                                        ^

2026-08-21 00:46:13,348 - ERROR - Error inserting date record: relation "dim_date" does not exist
LINE 2:                     INSERT INTO dim_date
                                        ^

2026-08-21 00:46:13,348 - ERROR - Error inserting date record: relation "dim_date" does not exist
LINE 2:                     INSERT INTO dim_date
                                        ^

2026-08-21 00:46:13,349 - ERROR - Error inserting date record: relation "dim_date" does not exist
LINE 2:                     INSERT INTO dim_date
                                        ^

2026-08-21 00:46:13,349 - ERROR - Error inserting date record: relation "dim_date" does not exist
LINE 2:                     INSERT INTO dim_date
                                        ^

2026-08-21 00:46:13,350 - ERROR - Error inserting date record: relation "dim_date" does not exist
LINE 2:                     INSERT INTO dim_date
                                        ^

2026-08-21 00:46:13,350 - ERROR - Error inserting date record: relation "dim_date" does not exist
LINE 2:                     INSERT INTO dim_date
                                        ^

2026-08-21 00:46:13,351 - ERROR - Error inserting date record: relation "dim_date" does not exist
LINE 2:                     INSERT INTO dim_date
                                        ^

2026-08-21 00:46:13,351 - ERROR - Error inserting date record: relation "dim_date" does not exist
LINE 2:                     INSERT INTO dim_date
                                        ^

2026-08-21 00:46:13,353 - ERROR - Error inserting date record: relation "dim_date" does not exist
LINE 2:                     INSERT INTO dim_date
                                        ^

2026-08-21 00:46:13,354 - ERROR - Error inserting date record: relation "dim_date" does not exist
LINE 2:                     INSERT INTO dim_date
                                        ^

2026-08-21 00:46:13,354 - ERROR - Error inserting date record: relation "dim_date" does not exist
LINE 2:                     INSERT INTO dim_date
                                        ^

2026-08-21 00:46:13,355 - ERROR - Error inserting date record: relation "dim_date" does not exist
LINE 2:                     INSERT INTO dim_date
                                        ^

2026-08-21 00:46:13,355 - ERROR - Error inserting date record: relation "dim_date" does not exist
LINE 2:                     INSERT INTO dim_date
                                        ^

2026-08-21 00:46:13,355 - ERROR - Error inserting date record: relation "dim_date" does not exist
LINE 2:                     INSERT INTO dim_date
                                        ^

2026-08-21 00:46:13,356 - ERROR - Error inserting date record: relation "dim_date" does not exist
LINE 2:                     INSERT INTO dim_date
                                        ^

2026-08-21 00:46:13,356 - ERROR - Error inserting date record: relation "dim_date" does not exist
LINE 2:                     INSERT INTO dim_date
                                        ^

2026-08-21 00:46:13,357 - ERROR - Error inserting date record: relation "dim_date" does not exist
LINE 2:                     INSERT INTO dim_date
                                        ^

2026-08-21 00:46:13,357 - ERROR - Error inserting date record: relation "dim_date" does not exist
LINE 2:                     INSERT INTO dim_date
                                        ^

2026-08-21 00:46:13,357 - ERROR - Error inserting date record: relation "dim_date" does not exist
LINE 2:                     INSERT INTO dim_date
                                        ^

2026-08-21 00:46:13,358 - ERROR - Error inserting date record: relation "dim_date" does not exist
LINE 2:                     INSERT INTO dim_date
                                        ^

2026-08-21 00:46:13,358 - ERROR - Error inserting date record: relation "dim_date" does not exist
LINE 2:                     INSERT INTO dim_date
                                        ^

2026-08-21 00:46:13,359 - ERROR - Error inserting date record: relation "dim_date" does not exist
LINE 2:                     INSERT INTO dim_date
                                        ^

2026-08-21 00:46:13,359 - ERROR - Error inserting date record: relation "dim_date" does not exist
LINE 2:                     INSERT INTO dim_date
                                        ^

2026-08-21 00:46:13,360 - ERROR - Error inserting date record: relation "dim_date" does not exist
LINE 2:                     INSERT INTO dim_date
                                        ^

2026-08-21 00:46:13,360 - ERROR - Error inserting date record: relation "dim_date" does not exist
LINE 2:                     INSERT INTO dim_date
                                        ^

2026-08-21 00:46:13,360 - ERROR - Error inserting date record: relation "dim_date" does not exist
LINE 2:                     INSERT INTO dim_date
                                        ^

2026-08-21 00:46:13,361 - ERROR - Error inserting date record: relation "dim_date" does not exist
LINE 2:                     INSERT INTO dim_date
                                        ^

2026-08-21 00:46:13,361 - ERROR - Error inserting date record: relation "dim_date" does not exist
LINE 2:                     INSERT INTO dim_date
                                        ^

2026-08-21 00:46:13,362 - ERROR - Error inserting date record: relation "dim_date" does not exist
LINE 2:                     INSERT INTO dim_date
                                        ^

2026-08-21 00:46:13,363 - ERROR - Error inserting date record: relation "dim_date" does not exist
LINE 2:                     INSERT INTO dim_date
                                        ^

2026-08-21 00:46:13,363 - ERROR - Error inserting date record: relation "dim_date" does not exist
LINE 2:                     INSERT INTO dim_date
                                        ^

2026-08-21 00:46:13,363 - ERROR - Error inserting date record: relation "dim_date" does not exist
LINE 2:                     INSERT INTO dim_date
                                        ^

2026-08-21 00:46:13,364 - ERROR - Error inserting date record: relation "dim_date" does not exist
LINE 2:                     INSERT INTO dim_date
                                        ^

2026-08-21 00:46:13,364 - ERROR - Error inserting date record: relation "dim_date" does not exist
LINE 2:                     INSERT INTO dim_date
                                        ^

2026-08-21 00:46:13,365 - ERROR - Error inserting date record: relation "dim_date" does not exist
LINE 2:                     INSERT INTO dim_date
                                        ^

2026-08-21 00:46:13,365 - ERROR - Error inserting date record: relation "dim_date" does not exist
LINE 2:                     INSERT INTO dim_date
                                        ^

2026-08-21 00:46:13,365 - ERROR - Error inserting date record: relation "dim_date" does not exist
LINE 2:                     INSERT INTO dim_date
                                        ^

2026-08-21 00:46:13,366 - ERROR - Error inserting date record: relation "dim_date" does not exist
LINE 2:                     INSERT INTO dim_date
                                        ^

2026-08-21 00:46:13,366 - ERROR - Error inserting date record: relation "dim_date" does not exist
LINE 2:                     INSERT INTO dim_date
                                        ^

2026-08-21 00:46:13,367 - ERROR - Error inserting date record: relation "dim_date" does not exist
LINE 2:                     INSERT INTO dim_date
                                        ^

2026-08-21 00:46:13,369 - ERROR - Error inserting date record: relation "dim_date" does not exist
LINE 2:                     INSERT INTO dim_date
                                        ^

2026-08-21 00:46:13,370 - ERROR - Error inserting date record: relation "dim_date" does not exist
LINE 2:                     INSERT INTO dim_date
                                        ^

2026-08-21 00:46:13,370 - ERROR - Error inserting date record: relation "dim_date" does not exist
LINE 2:                     INSERT INTO dim_date
                                        ^

2026-08-21 00:46:13,370 - ERROR - Error inserting date record: relation "dim_date" does not exist
LINE 2:                     INSERT INTO dim_date
                                        ^

2026-08-21 00:46:13,371 - ERROR - Error inserting date record: relation "dim_date" does not exist
LINE 2:                     INSERT INTO dim_date
                                        ^

2026-08-21 00:46:13,371 - ERROR - Error inserting date record: relation "dim_date" does not exist
LINE 2:                     INSERT INTO dim_date
                                        ^

2026-08-21 00:46:13,372 - ERROR - Error inserting date record: relation "dim_date" does not exist
LINE 2:                     INSERT INTO dim_date
                                        ^

2026-08-21 00:46:13,372 - ERROR - Error inserting date record: relation "dim_date" does not exist
LINE 2:                     INSERT INTO dim_date
                                        ^

2026-08-21 00:46:13,372 - ERROR - Error inserting date record: relation "dim_date" does not exist
LINE 2:                     INSERT INTO dim_date
                                        ^

2026-08-21 00:46:13,373 - ERROR - Error inserting date record: relation "dim_date" does not exist
LINE 2:                     INSERT INTO dim_date
                                        ^

2026-08-21 00:46:13,373 - ERROR - Error inserting date record: relation "dim_date" does not exist
LINE 2:                     INSERT INTO dim_date
                                        ^

2026-08-21 00:46:13,374 - ERROR - Error inserting date record: relation "dim_date" does not exist
LINE 2:                     INSERT INTO dim_date
                                        ^

2026-08-21 00:46:13,374 - ERROR - Error inserting date record: relation "dim_date" does not exist
LINE 2:                     INSERT INTO dim_date
                                        ^

2026-08-21 00:46:13,375 - ERROR - Error inserting date record: relation "dim_date" does not exist
LINE 2:                     INSERT INTO dim_date
                                        ^

2026-08-21 00:46:13,375 - ERROR - Error inserting date record: relation "dim_date" does not exist
LINE 2:                     INSERT INTO dim_date
                                        ^

2026-08-21 00:46:13,375 - ERROR - Error inserting date record: relation "dim_date" does not exist
LINE 2:                     INSERT INTO dim_date
                                        ^

2026-08-21 00:46:13,376 - ERROR - Error inserting date record: relation "dim_date" does not exist
LINE 2:                     INSERT INTO dim_date
                                        ^

2026-08-21 00:46:13,376 - ERROR - Error inserting date record: relation "dim_date" does not exist
LINE 2:                     INSERT INTO dim_date
                                        ^

2026-08-21 00:46:13,377 - ERROR - Error inserting date record: relation "dim_date" does not exist
LINE 2:                     INSERT INTO dim_date
                                        ^

2026-08-21 00:46:13,377 - ERROR - Error inserting date record: relation "dim_date" does not exist
LINE 2:                     INSERT INTO dim_date
                                        ^

2026-08-21 00:46:13,377 - ERROR - Error inserting date record: relation "dim_date" does not exist
LINE 2:                     INSERT INTO dim_date
                                        ^

2026-08-21 00:46:13,378 - ERROR - Error inserting date record: relation "dim_date" does not exist
LINE 2:                     INSERT INTO dim_date
                                        ^

2026-08-21 00:46:13,378 - ERROR - Error inserting date record: relation "dim_date" does not exist
LINE 2:                     INSERT INTO dim_date
                                        ^

2026-08-21 00:46:13,379 - ERROR - Error inserting date record: relation "dim_date" does not exist
LINE 2:                     INSERT INTO dim_date
                                        ^

2026-08-21 00:46:13,379 - ERROR - Error inserting date record: relation "dim_date" does not exist
LINE 2:                     INSERT INTO dim_date
                                        ^

2026-08-21 00:46:13,380 - ERROR - Error inserting date record: relation "dim_date" does not exist
LINE 2:                     INSERT INTO dim_date
                                        ^

2026-08-21 00:46:13,380 - ERROR - Error inserting date record: relation "dim_date" does not exist
LINE 2:                     INSERT INTO dim_date
                                        ^

2026-08-21 00:46:13,380 - ERROR - Error inserting date record: relation "dim_date" does not exist
LINE 2:                     INSERT INTO dim_date
                                        ^

2026-08-21 00:46:13,381 - ERROR - Error inserting date record: relation "dim_date" does not exist
LINE 2:                     INSERT INTO dim_date
                                        ^

2026-08-21 00:46:13,381 - ERROR - Error inserting date record: relation "dim_date" does not exist
LINE 2:                     INSERT INTO dim_date
                                        ^

2026-08-21 00:46:13,382 - ERROR - Error inserting date record: relation "dim_date" does not exist
LINE 2:                     INSERT INTO dim_date
                                        ^

2026-08-21 00:46:13,382 - ERROR - Error inserting date record: relation "dim_date" does not exist
LINE 2:                     INSERT INTO dim_date
                                        ^

2026-08-21 00:46:13,383 - ERROR - Error inserting date record: relation "dim_date" does not exist
LINE 2:                     INSERT INTO dim_date
                                        ^

2026-08-21 00:46:13,385 - ERROR - Error inserting date record: relation "dim_date" does not exist
LINE 2:                     INSERT INTO dim_date
                                        ^

2026-08-21 00:46:13,386 - ERROR - Error inserting date record: relation "dim_date" does not exist
LINE 2:                     INSERT INTO dim_date
                                        ^

2026-08-21 00:46:13,386 - ERROR - Error inserting date record: relation "dim_date" does not exist
LINE 2:                     INSERT INTO dim_date
                                        ^

2026-08-21 00:46:13,386 - ERROR - Error inserting date record: relation "dim_date" does not exist
LINE 2:                     INSERT INTO dim_date
                                        ^

2026-08-21 00:46:13,387 - ERROR - Error inserting date record: relation "dim_date" does not exist
LINE 2:                     INSERT INTO dim_date
                                        ^

2026-08-21 00:46:13,387 - ERROR - Error inserting date record: relation "dim_date" does not exist
LINE 2:                     INSERT INTO dim_date
                                        ^

2026-08-21 00:46:13,388 - ERROR - Error inserting date record: relation "dim_date" does not exist
LINE 2:                     INSERT INTO dim_date
                                        ^

2026-08-21 00:46:13,388 - ERROR - Error inserting date record: relation "dim_date" does not exist
LINE 2:                     INSERT INTO dim_date
                                        ^

2026-08-21 00:46:13,389 - ERROR - Error inserting date record: relation "dim_date" does not exist
LINE 2:                     INSERT INTO dim_date
                                        ^

2026-08-21 00:46:13,389 - ERROR - Error inserting date record: relation "dim_date" does not exist
LINE 2:                     INSERT INTO dim_date
                                        ^

2026-08-21 00:46:13,389 - ERROR - Error inserting date record: relation "dim_date" does not exist
LINE 2:                     INSERT INTO dim_date
                                        ^

2026-08-21 00:46:13,390 - ERROR - Error inserting date record: relation "dim_date" does not exist
LINE 2:                     INSERT INTO dim_date
                                        ^

2026-08-21 00:46:13,390 - ERROR - Error inserting date record: relation "dim_date" does not exist
LINE 2:                     INSERT INTO dim_date
                                        ^

2026-08-21 00:46:13,391 - ERROR - Error inserting date record: relation "dim_date" does not exist
LINE 2:                     INSERT INTO dim_date
                                        ^

2026-08-21 00:46:13,391 - ERROR - Error inserting date record: relation "dim_date" does not exist
LINE 2:                     INSERT INTO dim_date
                                        ^

2026-08-21 00:46:13,391 - ERROR - Error inserting date record: relation "dim_date" does not exist
LINE 2:                     INSERT INTO dim_date
                                        ^

2026-08-21 00:46:13,392 - ERROR - Error inserting date record: relation "dim_date" does not exist
LINE 2:                     INSERT INTO dim_date
                                        ^

2026-08-21 00:46:13,392 - ERROR - Error inserting date record: relation "dim_date" does not exist
LINE 2:                     INSERT INTO dim_date
                                        ^

2026-08-21 00:46:13,393 - ERROR - Error inserting date record: relation "dim_date" does not exist
LINE 2:                     INSERT INTO dim_date
                                        ^

2026-08-21 00:46:13,393 - ERROR - Error inserting date record: relation "dim_date" does not exist
LINE 2:                     INSERT INTO dim_date
                                        ^

2026-08-21 00:46:13,393 - ERROR - Error inserting date record: relation "dim_date" does not exist
LINE 2:                     INSERT INTO dim_date
                                        ^

2026-08-21 00:46:13,394 - ERROR - Error inserting date record: relation "dim_date" does not exist
LINE 2:                     INSERT INTO dim_date
                                        ^

2026-08-21 00:46:13,394 - ERROR - Error inserting date record: relation "dim_date" does not exist
LINE 2:                     INSERT INTO dim_date
                                        ^

2026-08-21 00:46:13,395 - ERROR - Error inserting date record: relation "dim_date" does not exist
LINE 2:                     INSERT INTO dim_date
                                        ^

2026-08-21 00:46:13,395 - ERROR - Error inserting date record: relation "dim_date" does not exist
LINE 2:                     INSERT INTO dim_date
                                        ^

2026-08-21 00:46:13,396 - ERROR - Error inserting date record: relation "dim_date" does not exist
LINE 2:                     INSERT INTO dim_date
                                        ^

2026-08-21 00:46:13,396 - ERROR - Error inserting date record: relation "dim_date" does not exist
LINE 2:                     INSERT INTO dim_date
                                        ^

2026-08-21 00:46:13,396 - ERROR - Error inserting date record: relation "dim_date" does not exist
LINE 2:                     INSERT INTO dim_date
                                        ^

2026-08-21 00:46:13,397 - ERROR - Error inserting date record: relation "dim_date" does not exist
LINE 2:                     INSERT INTO dim_date
                                        ^

2026-08-21 00:46:13,397 - ERROR - Error inserting date record: relation "dim_date" does not exist
LINE 2:                     INSERT INTO dim_date
                                        ^

2026-08-21 00:46:13,398 - ERROR - Error inserting date record: relation "dim_date" does not exist
LINE 2:                     INSERT INTO dim_date
                                        ^

2026-08-21 00:46:13,400 - ERROR - Error inserting date record: relation "dim_date" does not exist
LINE 2:                     INSERT INTO dim_date
                                        ^

2026-08-21 00:46:13,400 - ERROR - Error inserting date record: relation "dim_date" does not exist
LINE 2:                     INSERT INTO dim_date
                                        ^

2026-08-21 00:46:13,401 - ERROR - Error inserting date record: relation "dim_date" does not exist
LINE 2:                     INSERT INTO dim_date
                                        ^

2026-08-21 00:46:13,401 - ERROR - Error inserting date record: relation "dim_date" does not exist
LINE 2:                     INSERT INTO dim_date
                                        ^

2026-08-21 00:46:13,402 - ERROR - Error inserting date record: relation "dim_date" does not exist
LINE 2:                     INSERT INTO dim_date
                                        ^

2026-08-21 00:46:13,402 - ERROR - Error inserting date record: relation "dim_date" does not exist
LINE 2:                     INSERT INTO dim_date
                                        ^

2026-08-21 00:46:13,403 - ERROR - Error inserting date record: relation "dim_date" does not exist
LINE 2:                     INSERT INTO dim_date
                                        ^

2026-08-21 00:46:13,403 - ERROR - Error inserting date record: relation "dim_date" does not exist
LINE 2:                     INSERT INTO dim_date
                                        ^

2026-08-21 00:46:13,404 - ERROR - Error inserting date record: relation "dim_date" does not exist
LINE 2:                     INSERT INTO dim_date
                                        ^

2026-08-21 00:46:13,404 - ERROR - Error inserting date record: relation "dim_date" does not exist
LINE 2:                     INSERT INTO dim_date
                                        ^

2026-08-21 00:46:13,404 - ERROR - Error inserting date record: relation "dim_date" does not exist
LINE 2:                     INSERT INTO dim_date
                                        ^

2026-08-21 00:46:13,405 - ERROR - Error inserting date record: relation "dim_date" does not exist
LINE 2:                     INSERT INTO dim_date
                                        ^

2026-08-21 00:46:13,405 - ERROR - Error inserting date record: relation "dim_date" does not exist
LINE 2:                     INSERT INTO dim_date
                                        ^

2026-08-21 00:46:13,406 - ERROR - Error inserting date record: relation "dim_date" does not exist
LINE 2:                     INSERT INTO dim_date
                                        ^

2026-08-21 00:46:13,406 - ERROR - Error inserting date record: relation "dim_date" does not exist
LINE 2:                     INSERT INTO dim_date
                                        ^

2026-08-21 00:46:13,406 - ERROR - Error inserting date record: relation "dim_date" does not exist
LINE 2:                     INSERT INTO dim_date
                                        ^

2026-08-21 00:46:13,407 - ERROR - Error inserting date record: relation "dim_date" does not exist
LINE 2:                     INSERT INTO dim_date
                                        ^

2026-08-21 00:46:13,407 - ERROR - Error inserting date record: relation "dim_date" does not exist
LINE 2:                     INSERT INTO dim_date
                                        ^

2026-08-21 00:46:13,408 - ERROR - Error inserting date record: relation "dim_date" does not exist
LINE 2:                     INSERT INTO dim_date
                                        ^

2026-08-21 00:46:13,408 - ERROR - Error inserting date record: relation "dim_date" does not exist
LINE 2:                     INSERT INTO dim_date
                                        ^

2026-08-21 00:46:13,409 - ERROR - Error inserting date record: relation "dim_date" does not exist
LINE 2:                     INSERT INTO dim_date
                                        ^

2026-08-21 00:46:13,409 - ERROR - Error inserting date record: relation "dim_date" does not exist
LINE 2:                     INSERT INTO dim_date
                                        ^

2026-08-21 00:46:13,409 - ERROR - Error inserting date record: relation "dim_date" does not exist
LINE 2:                     INSERT INTO dim_date
                                        ^

2026-08-21 00:46:13,410 - ERROR - Error inserting date record: relation "dim_date" does not exist
LINE 2:                     INSERT INTO dim_date
                                        ^

2026-08-21 00:46:13,410 - ERROR - Error inserting date record: relation "dim_date" does not exist
LINE 2:                     INSERT INTO dim_date
                                        ^

2026-08-21 00:46:13,411 - ERROR - Error inserting date record: relation "dim_date" does not exist
LINE 2:                     INSERT INTO dim_date
                                        ^

2026-08-21 00:46:13,411 - ERROR - Error inserting date record: relation "dim_date" does not exist
LINE 2:                     INSERT INTO dim_date
                                        ^

2026-08-21 00:46:13,411 - ERROR - Error inserting date record: relation "dim_date" does not exist
LINE 2:                     INSERT INTO dim_date
                                        ^

2026-08-21 00:46:13,412 - ERROR - Error inserting date record: relation "dim_date" does not exist
LINE 2:                     INSERT INTO dim_date
                                        ^

2026-08-21 00:46:13,412 - ERROR - Error inserting date record: relation "dim_date" does not exist
LINE 2:                     INSERT INTO dim_date
                                        ^

2026-08-21 00:46:13,413 - ERROR - Error inserting date record: relation "dim_date" does not exist
LINE 2:                     INSERT INTO dim_date
                                        ^

2026-08-21 00:46:13,413 - ERROR - Error inserting date record: relation "dim_date" does not exist
LINE 2:                     INSERT INTO dim_date
                                        ^

2026-08-21 00:46:13,414 - ERROR - Error inserting date record: relation "dim_date" does not exist
LINE 2:                     INSERT INTO dim_date
                                        ^

2026-08-21 00:46:13,416 - ERROR - Error inserting date record: relation "dim_date" does not exist
LINE 2:                     INSERT INTO dim_date
                                        ^

2026-08-21 00:46:13,416 - ERROR - Error inserting date record: relation "dim_date" does not exist
LINE 2:                     INSERT INTO dim_date
                                        ^

2026-08-21 00:46:13,417 - ERROR - Error inserting date record: relation "dim_date" does not exist
LINE 2:                     INSERT INTO dim_date
                                        ^

2026-08-21 00:46:13,417 - ERROR - Error inserting date record: relation "dim_date" does not exist
LINE 2:                     INSERT INTO dim_date
                                        ^

2026-08-21 00:46:13,418 - ERROR - Error inserting date record: relation "dim_date" does not exist
LINE 2:                     INSERT INTO dim_date
                                        ^

2026-08-21 00:46:13,418 - ERROR - Error inserting date record: relation "dim_date" does not exist
LINE 2:                     INSERT INTO dim_date
                                        ^

2026-08-21 00:46:13,418 - ERROR - Error inserting date record: relation "dim_date" does not exist
LINE 2:                     INSERT INTO dim_date
                                        ^

2026-08-21 00:46:13,419 - ERROR - Error inserting date record: relation "dim_date" does not exist
LINE 2:                     INSERT INTO dim_date
                                        ^

2026-08-21 00:46:13,419 - ERROR - Error inserting date record: relation "dim_date" does not exist
LINE 2:                     INSERT INTO dim_date
                                        ^

2026-08-21 00:46:13,420 - ERROR - Error inserting date record: relation "dim_date" does not exist
LINE 2:                     INSERT INTO dim_date
                                        ^

2026-08-21 00:46:13,420 - ERROR - Error inserting date record: relation "dim_date" does not exist
LINE 2:                     INSERT INTO dim_date
                                        ^

2026-08-21 00:46:13,421 - ERROR - Error inserting date record: relation "dim_date" does not exist
LINE 2:                     INSERT INTO dim_date
                                        ^

2026-08-21 00:46:13,421 - ERROR - Error inserting date record: relation "dim_date" does not exist
LINE 2:                     INSERT INTO dim_date
                                        ^

2026-08-21 00:46:13,422 - ERROR - Error inserting date record: relation "dim_date" does not exist
LINE 2:                     INSERT INTO dim_date
                                        ^

2026-08-21 00:46:13,422 - ERROR - Error inserting date record: relation "dim_date" does not exist
LINE 2:                     INSERT INTO dim_date
                                        ^

2026-08-21 00:46:13,422 - ERROR - Error inserting date record: relation "dim_date" does not exist
LINE 2:                     INSERT INTO dim_date
                                        ^

2026-08-21 00:46:13,423 - ERROR - Error inserting date record: relation "dim_date" does not exist
LINE 2:                     INSERT INTO dim_date
                                        ^

2026-08-21 00:46:13,423 - ERROR - Error inserting date record: relation "dim_date" does not exist
LINE 2:                     INSERT INTO dim_date
                                        ^

2026-08-21 00:46:13,424 - ERROR - Error inserting date record: relation "dim_date" does not exist
LINE 2:                     INSERT INTO dim_date
                                        ^

2026-08-21 00:46:13,424 - ERROR - Error inserting date record: relation "dim_date" does not exist
LINE 2:                     INSERT INTO dim_date
                                        ^

2026-08-21 00:46:13,424 - ERROR - Error inserting date record: relation "dim_date" does not exist
LINE 2:                     INSERT INTO dim_date
                                        ^

2026-08-21 00:46:13,425 - ERROR - Error inserting date record: relation "dim_date" does not exist
LINE 2:                     INSERT INTO dim_date
                                        ^

2026-08-21 00:46:13,425 - ERROR - Error inserting date record: relation "dim_date" does not exist
LINE 2:                     INSERT INTO dim_date
                                        ^

2026-08-21 00:46:13,426 - ERROR - Error inserting date record: relation "dim_date" does not exist
LINE 2:                     INSERT INTO dim_date
                                        ^

2026-08-21 00:46:13,426 - ERROR - Error inserting date record: relation "dim_date" does not exist
LINE 2:                     INSERT INTO dim_date
                                        ^

2026-08-21 00:46:13,426 - ERROR - Error inserting date record: relation "dim_date" does not exist
LINE 2:                     INSERT INTO dim_date
                                        ^

2026-08-21 00:46:13,427 - ERROR - Error inserting date record: relation "dim_date" does not exist
LINE 2:                     INSERT INTO dim_date
                                        ^

2026-08-21 00:46:13,427 - ERROR - Error inserting date record: relation "dim_date" does not exist
LINE 2:                     INSERT INTO dim_date
                                        ^

2026-08-21 00:46:13,428 - ERROR - Error inserting date record: relation "dim_date" does not exist
LINE 2:                     INSERT INTO dim_date
                                        ^

2026-08-21 00:46:13,428 - ERROR - Error inserting date record: relation "dim_date" does not exist
LINE 2:                     INSERT INTO dim_date
                                        ^

2026-08-21 00:46:13,428 - ERROR - Error inserting date record: relation "dim_date" does not exist
LINE 2:                     INSERT INTO dim_date
                                        ^

2026-08-21 00:46:13,431 - ERROR - Error inserting date record: relation "dim_date" does not exist
LINE 2:                     INSERT INTO dim_date
                                        ^

2026-08-21 00:46:13,432 - ERROR - Error inserting date record: relation "dim_date" does not exist
LINE 2:                     INSERT INTO dim_date
                                        ^

2026-08-21 00:46:13,432 - ERROR - Error inserting date record: relation "dim_date" does not exist
LINE 2:                     INSERT INTO dim_date
                                        ^

2026-08-21 00:46:13,433 - INFO - Generated 1329 date records
2026-08-21 00:46:13,433 - INFO - Generating dimension tables...
2026-08-21 00:46:13,434 - ERROR - Fatal error during data generation: relation "dim_plant" does not exist
LINE 2:                 INSERT INTO dim_plant (plant_id, plant_code,...
                                    ^
Traceback (most recent call last):
  File "D:\AI agents\OH-Pets company\scripts\generate_data_phase1.py", line 436, in run
    self.generate_dimension_data()
  File "D:\AI agents\OH-Pets company\scripts\generate_data_phase1.py", line 146, in generate_dimension_data
    self.cursor.execute("""
psycopg2.errors.UndefinedTable: relation "dim_plant" does not exist
LINE 2:                 INSERT INTO dim_plant (plant_id, plant_code,...
                                    ^

2026-08-21 00:46:13,435 - INFO - Database connection closed
2026-08-21 00:49:28,058 - INFO - ================================================================================
2026-08-21 00:49:28,059 - INFO - Starting Data Generation - Phase 1: Historical Backfill
2026-08-21 00:49:28,059 - INFO - ================================================================================
2026-08-21 00:49:28,060 - INFO - Period: 2023-01-01 to 2026-08-21
2026-08-21 00:49:28,060 - INFO - 
2026-08-21 00:49:28,097 - INFO - Connected to PostgreSQL
2026-08-21 00:49:28,097 - INFO - Generating dim_date table...
2026-08-21 00:49:28,268 - INFO - Generated 1329 date records
2026-08-21 00:49:28,269 - INFO - Generating dimension tables...
2026-08-21 00:49:28,278 - INFO - Dimension tables populated
2026-08-21 00:49:28,279 - INFO - Generating products...
2026-08-21 00:49:28,283 - INFO - Generated 12 products
2026-08-21 00:49:28,283 - INFO - Generating dealers...
2026-08-21 00:49:28,289 - INFO - Generated 25 dealers
2026-08-21 00:49:28,289 - INFO - Generating suppliers...
2026-08-21 00:49:28,294 - INFO - Generated 15 suppliers
2026-08-21 00:49:28,294 - INFO - Generating employees...
2026-08-21 00:49:28,319 - INFO - Generated 150 employees
2026-08-21 00:49:28,319 - INFO - Generating orders with intentional data quality issues...
2026-08-21 00:49:28,374 - ERROR - Fatal error during data generation: unsupported operand type(s) for *: 'decimal.Decimal' and 'float'
Traceback (most recent call last):
  File "D:\AI agents\OH-Pets company\scripts\generate_data_phase1.py", line 443, in run
    self.generate_orders()
  File "D:\AI agents\OH-Pets company\scripts\generate_data_phase1.py", line 381, in generate_orders
    order_record = self.inject_dirty_data(order_record, 'order')
  File "D:\AI agents\OH-Pets company\scripts\generate_data_phase1.py", line 334, in inject_dirty_data
    record['order_amount'] = record['order_amount'] * random.choice([10, 100, 0.01])
TypeError: unsupported operand type(s) for *: 'decimal.Decimal' and 'float'
2026-08-21 00:49:28,375 - INFO - Database connection closed
2026-08-21 00:50:08,178 - INFO - ================================================================================
2026-08-21 00:50:08,179 - INFO - Starting Data Generation - Phase 1: Historical Backfill
2026-08-21 00:50:08,179 - INFO - ================================================================================
2026-08-21 00:50:08,180 - INFO - Period: 2023-01-01 to 2026-08-21
2026-08-21 00:50:08,180 - INFO - 
2026-08-21 00:50:08,215 - INFO - Connected to PostgreSQL
2026-08-21 00:50:08,215 - INFO - Generating dim_date table...
2026-08-21 00:50:08,569 - INFO - Generated 1329 date records
2026-08-21 00:50:08,569 - INFO - Generating dimension tables...
2026-08-21 00:50:08,572 - INFO - Dimension tables populated
2026-08-21 00:50:08,572 - INFO - Generating products...
2026-08-21 00:50:08,574 - INFO - Generated 12 products
2026-08-21 00:50:08,574 - INFO - Generating dealers...
2026-08-21 00:50:08,577 - INFO - Generated 25 dealers
2026-08-21 00:50:08,578 - INFO - Generating suppliers...
2026-08-21 00:50:08,580 - INFO - Generated 15 suppliers
2026-08-21 00:50:08,580 - INFO - Generating employees...
2026-08-21 00:50:08,601 - INFO - Generated 150 employees
2026-08-21 00:50:08,602 - INFO - Generating orders with intentional data quality issues...
2026-08-21 00:50:12,337 - INFO - Total orders generated: 9736
2026-08-21 00:50:12,337 - INFO - 
2026-08-21 00:50:12,337 - INFO - ================================================================================
2026-08-21 00:50:12,357 - INFO - ================================================================================
2026-08-21 00:50:12,357 - INFO - 
2026-08-21 00:50:12,362 - INFO -    See: generate_data_phase1.py and config.DIRTY_DATA_CONFIG
2026-08-21 00:50:12,362 - INFO - 
2026-08-21 00:50:12,363 - INFO - Next Step: Run data_cleaning.py (ETL pipeline)
2026-08-21 00:50:12,363 - INFO - ================================================================================
2026-08-21 00:50:12,363 - INFO - Database connection closed
